,LB,BOLE,MOOB,ARF,ARFre,RVU-LB,SS-ARF,FU-ARFre,OALE,CALMID
0,0.68906979,0.699043856,0.687354568,0.687821966,0.687640642,0.682943224,0.674485099,0.677948216,0.691082961,0.677368894
1,0.880307659,0.88127049,0.873564187,0.903276133,0.90634713,0.804530354,0.77639237,0.824280529,0.900682608,0.611023038
2,0.945447821,0.943128305,0.900827909,0.932905232,0.92722211,0.878596306,0.860528758,0.838124658,0.916858767,0.663340137
3,0.95139595,0.957417601,0.909045168,0.922852462,0.925808611,0.871792417,0.867278265,0.854774318,0.91080344,0.862457731
4,0.957411985,0.954482869,0.919265954,0.940979406,0.939060522,0.896514832,0.897929045,0.872906731,0.936184117,0.907595514
5,0.959793331,0.97074559,0.93976191,0.955253092,0.951875085,0.912127872,0.917155957,0.888571632,0.955399526,0.924355675
6,0.942087295,0.956605074,0.90547054,0.941175978,0.944105836,0.909741537,0.888590842,0.860539039,0.930092083,0.919559203
7,0.82270859,0.824233423,0.760697152,0.799964079,0.808228569,0.781278581,0.735790569,0.740952569,0.793516967,0.795105847
8,0.813906682,0.820670838,0.744716168,0.797865199,0.807179006,0.794228447,0.745154373,0.729571414,0.803948179,0.80470482
9,0.687647341,0.689392374,0.684881007,0.673523947,0.66945121,0.666582718,0.649554005,0.638455936,0.679227473,0.667532001
10,0.82623648,0.829579363,0.825084132,0.809075357,0.802515968,0.795809548,0.748115363,0.733644002,0.810174021,0.804569183
11,0.82228337,0.820554175,0.80983342,0.804034584,0.808294235,0.801303207,0.745493921,0.769309435,0.810889731,0.805814788
12,0.918686234,0.920850184,0.901870698,0.892546344,0.901666765,0.899848067,0.839163217,0.827769255,0.906212086,0.90748965
13,0.930431002,0.939298685,0.911787102,0.91259295,0.902780987,0.915401904,0.870516942,0.873990789,0.920162937,0.928818739
14,0.805630741,0.810416545,0.807942788,0.764926864,0.773355929,0.808356326,0.745188442,0.754861065,0.796909533,0.807061845
15,0.745284377,0.746716413,0.745745425,0.742945504,0.742355699,0.738927376,0.711325638,0.725786119,0.724588398,0.732288664
16,0.705523382,0.705898183,0.692232537,0.704303255,0.703745222,0.695807433,0.691639821,0.69345352,0.695359416,0.693799208
17,0.710174969,0.710990893,0.697303297,0.708321894,0.707445324,0.701551294,0.69712404,0.687813424,0.701458849,0.705386252
18,0.71256517,0.712093964,0.709170352,0.711461926,0.71063502,0.706588425,0.705870821,0.704195239,0.708518219,0.711530194
19,0.709293176,0.710634367,0.70807164,0.708660766,0.707776827,0.697915785,0.7007109,0.702879218,0.703155635,0.705054775
20,0.760743415,0.759357451,0.756871392,0.760374786,0.760219838,0.752525799,0.757276694,0.75718829,0.754166938,0.758627981
21,0.761544834,0.761194141,0.757824028,0.76140222,0.761047421,0.759988388,0.760576587,0.760760616,0.760981145,0.761147206
22,0.761485221,0.760090233,0.755990433,0.760927185,0.76070119,0.755816586,0.7578178,0.756861,0.756693299,0.75741149
23,0.760811855,0.760206018,0.756536464,0.760351049,0.758914134,0.753783268,0.757134798,0.756921407,0.754382886,0.758323127
24,0.761298483,0.760738928,0.758109938,0.761107239,0.760861583,0.756931081,0.758700459,0.75710146,0.755367634,0.760932147
25,0.761276232,0.760857531,0.758388696,0.760941463,0.761323502,0.758607271,0.759663402,0.759457896,0.758132289,0.760079096
26,0.760741772,0.760349698,0.758295563,0.760692243,0.760613427,0.759648629,0.759525799,0.759877932,0.758497551,0.759565777
27,0.760339236,0.759269958,0.755325547,0.75939,0.758964567,0.756823448,0.757200319,0.757517731,0.755464443,0.757005909
28,0.760896637,0.759443036,0.754943585,0.760095873,0.760114675,0.757083486,0.757522601,0.757224499,0.755309188,0.757703453
29,0.761131304,0.759131117,0.754506197,0.760700992,0.76104738,0.75704339,0.757937446,0.758198999,0.755036115,0.758328335
30,0.760578787,0.758426201,0.754288416,0.760024737,0.760851658,0.756991071,0.757555543,0.757951013,0.754679182,0.757475212
31,0.761206762,0.759726814,0.757159147,0.761072718,0.761136369,0.758938095,0.759184149,0.759507614,0.756731771,0.758952356
32,0.760667014,0.759445606,0.754753088,0.759689533,0.760055606,0.757051635,0.756916052,0.75661164,0.753170248,0.757281705
33,0.760542425,0.759183584,0.753690861,0.760030142,0.759446855,0.757223475,0.757463215,0.757448727,0.754247672,0.758180018
34,0.694945126,0.693689043,0.702869652,0.69044474,0.691608775,0.694834791,0.694645936,0.69541373,0.699328408,0.694640371
35,0.71008659,0.694924938,0.702571584,0.702986194,0.696485695,0.697001586,0.695042055,0.695984394,0.697693783,0.697748683
36,0.713138377,0.699096257,0.709426755,0.711931644,0.706652196,0.704099628,0.699804761,0.700543396,0.70493765,0.707097409
37,0.761713298,0.760987584,0.754858512,0.761249394,0.761440258,0.760506093,0.760590744,0.760054666,0.760131875,0.761155606
38,0.761892161,0.761467466,0.758387783,0.761729676,0.761676001,0.761461503,0.761524763,0.761497664,0.761466306,0.76162383
39,0.76190329,0.761871339,0.758998014,0.761900936,0.76190329,0.761883267,0.761812811,0.761852814,0.761883585,0.7618973
40,0.761903417,0.761852291,0.759845965,0.761888145,0.761880881,0.761873055,0.761786447,0.761877518,0.761866363,0.761890184
41,0.761473524,0.760646703,0.758763267,0.761179734,0.760955359,0.759880554,0.759925683,0.760505619,0.758627748,0.75970227
42,0.761460339,0.761031088,0.758533129,0.761431996,0.761283529,0.760779341,0.760632617,0.760732277,0.758912385,0.760557457
43,0.761791822,0.760993459,0.75968826,0.761718733,0.761764973,0.76158473,0.761257151,0.76131007,0.759265628,0.761302927
44,0.761390321,0.76067568,0.757735398,0.761223181,0.761415132,0.761085007,0.760374528,0.760691386,0.757439116,0.76118146
45,0.76169147,0.76112493,0.760613396,0.761710832,0.761748509,0.761556644,0.761336757,0.761409001,0.760675615,0.761768137
46,0.76186685,0.76119561,0.761147325,0.761781394,0.761803291,0.761739459,0.761429251,0.761698579,0.761015985,0.761784688
47,0.76189502,0.761876336,0.761839364,0.761879009,0.76186907,0.761880876,0.761717315,0.761798024,0.761879258,0.761877608
48,0.761208834,0.761542751,0.760898143,0.76113151,0.761146746,0.760644452,0.760831441,0.760586584,0.760734451,0.760689775
49,0.76190424,0.761470604,0.761151446,0.761887009,0.761827355,0.761012422,0.761399835,0.761197639,0.761051561,0.760977196
50,0.761827995,0.760915796,0.761130345,0.761606552,0.761604725,0.76071759,0.760861136,0.760379408,0.760505975,0.760721159
51,0.761869738,0.761003796,0.761243002,0.761550445,0.761420382,0.761173071,0.760895554,0.760771897,0.760295178,0.760954058
52,0.761535416,0.76076063,0.760771105,0.761740942,0.761733115,0.761511914,0.760633788,0.761076922,0.759399401,0.761346536
53,0.761868022,0.760296103,0.760878589,0.761611935,0.76164904,0.761368646,0.760254625,0.761487115,0.758873613,0.761196514
54,0.761713998,0.760619007,0.759795555,0.761131849,0.760905606,0.760680121,0.75987456,0.76112314,0.757873408,0.760781891
55,0.761353356,0.760333895,0.760332231,0.761019047,0.760810303,0.760392451,0.75951427,0.760518915,0.75846786,0.760613265
56,0.761485615,0.759937829,0.760350839,0.761058614,0.760446015,0.759790817,0.758863824,0.759711062,0.757020021,0.759560399
57,0.761452987,0.760064477,0.75977369,0.760341166,0.760338512,0.759930626,0.758872635,0.759144979,0.756045703,0.759897447
58,0.761266587,0.759818889,0.75960214,0.760447939,0.760134183,0.760032876,0.758992788,0.759368452,0.756221998,0.760713242
59,0.761540128,0.760716698,0.760243283,0.761242041,0.761064231,0.759970678,0.759467719,0.759534546,0.757027484,0.761016774
60,0.761447951,0.760434113,0.760378665,0.761061952,0.76104617,0.76033144,0.759456285,0.758965767,0.755745561,0.761291163
61,0.760841252,0.759317291,0.758001479,0.759819058,0.759706366,0.758889178,0.758031908,0.757696422,0.754706668,0.759990162
62,0.760042097,0.758598955,0.754671883,0.758492553,0.757971132,0.756224955,0.753824994,0.753561465,0.751142956,0.757513204
63,0.760037018,0.758955742,0.756823733,0.759384029,0.758666313,0.757636808,0.755471765,0.755711078,0.752952298,0.759506902
64,0.760901088,0.759724381,0.757938933,0.759944532,0.759611532,0.758017255,0.756650985,0.755808783,0.755989471,0.759212554
65,0.761347021,0.759985363,0.755622386,0.760992721,0.760783055,0.758198134,0.756747947,0.757663032,0.755648348,0.760764147
66,0.761540088,0.759712909,0.758891491,0.760948646,0.760918123,0.760062172,0.759004795,0.759260807,0.757726248,0.761085847
67,0.761661677,0.759966222,0.760611101,0.761333049,0.761190652,0.761104507,0.760296816,0.760595277,0.759139284,0.761537824
68,0.761448098,0.760423623,0.76002046,0.761634122,0.761593758,0.760537707,0.760753624,0.760906371,0.760094069,0.761443201
69,0.761855476,0.760767284,0.761221464,0.761773125,0.761783418,0.761728445,0.76155557,0.761481619,0.761325869,0.761829928
70,0.761206895,0.760393124,0.759725111,0.760079142,0.760245049,0.759942197,0.758552059,0.758308259,0.758103255,0.759468247
71,0.704133125,0.695738583,0.703672188,0.69828168,0.699990106,0.6863287,0.689708096,0.690861911,0.691716988,0.695111874
72,0.71230011,0.707996651,0.708806498,0.710827432,0.711269434,0.708370158,0.702219212,0.704624269,0.707521953,0.709121113
73,0.712899406,0.706116378,0.710717505,0.711748282,0.710885276,0.710392229,0.705993743,0.705853089,0.707309581,0.71243855
74,0.71210402,0.703897132,0.705904446,0.711734661,0.71005391,0.707448261,0.704007863,0.706559792,0.70365841,0.709521461
75,0.709036153,0.697643896,0.704365256,0.707553481,0.704354352,0.698706081,0.699047508,0.69764708,0.697298232,0.702593084
76,0.759926926,0.757096259,0.756624137,0.75898112,0.75787906,0.757086685,0.755713405,0.755093965,0.753315375,0.759488826
77,0.761277718,0.759748593,0.758476097,0.761094776,0.760827351,0.759054188,0.75849079,0.757874747,0.755684916,0.761036412
78,0.761538175,0.758707552,0.759712896,0.761505102,0.761378075,0.760304867,0.759407294,0.759287167,0.756722141,0.761515668
79,0.761671628,0.759966883,0.758822354,0.7612315,0.760930675,0.760020535,0.759610283,0.759532482,0.757289929,0.760756218
80,0.761441126,0.75992967,0.759723286,0.760977357,0.760779106,0.759798021,0.759362642,0.7599804,0.756391199,0.761047433
81,0.76175897,0.759773008,0.760594777,0.761406216,0.761320635,0.760815425,0.760472905,0.760399522,0.758128732,0.761366691
82,0.761737431,0.759599974,0.761539493,0.76139905,0.760950688,0.760918008,0.76006802,0.759796388,0.757654805,0.761523679
83,0.761483131,0.759572105,0.760711132,0.760953936,0.761097545,0.760848944,0.759957013,0.758730159,0.756796399,0.761359705
84,0.760808642,0.758984282,0.759104926,0.760215457,0.76017266,0.759332265,0.758769576,0.75666153,0.755457366,0.759997164
85,0.760708983,0.758864373,0.759946336,0.759756283,0.760015459,0.758556754,0.757971831,0.75671611,0.752251216,0.759835348
86,0.761408894,0.759835606,0.761122691,0.760936576,0.761059017,0.760806079,0.759505228,0.759076597,0.756370921,0.761338589
87,0.759311843,0.757802709,0.757094885,0.758189304,0.7586956,0.755873426,0.755328668,0.754360524,0.751927845,0.757950589
88,0.76146181,0.759507289,0.757611796,0.760886599,0.760285079,0.758404144,0.753090743,0.752027915,0.75475437,0.760922858
89,0.761526524,0.760259947,0.759602289,0.760738527,0.760752079,0.760081519,0.756317294,0.75673718,0.756271097,0.760660934
90,0.760932957,0.759309943,0.757876386,0.760267361,0.759185321,0.758664247,0.756176461,0.757308778,0.755467068,0.759968919
91,0.760345062,0.757245743,0.760077381,0.760337861,0.760270289,0.758965704,0.758403299,0.758317617,0.754948545,0.760322146
92,0.761364011,0.760665875,0.760790266,0.761532471,0.761147591,0.760463405,0.75992808,0.760527076,0.759965687,0.761302502
93,0.76154356,0.760842358,0.76103503,0.761145278,0.761285653,0.760846453,0.759978789,0.76062028,0.759702904,0.761311576
94,0.761059508,0.760832788,0.761347023,0.761258531,0.761055778,0.760448605,0.759396138,0.759791965,0.758489975,0.76077579
95,0.761591205,0.759819747,0.760427193,0.760900103,0.760386018,0.75958023,0.759047344,0.759217582,0.756128245,0.759932979
96,0.760508289,0.759727408,0.759951727,0.760174645,0.760050121,0.759201177,0.757187318,0.757868377,0.75605775,0.759398959
97,0.761196271,0.760030535,0.7606865,0.760485652,0.76066264,0.760562215,0.759000554,0.759950059,0.75954993,0.7606086
98,0.682172281,0.679063291,0.696311298,0.687600282,0.683253644,0.685705259,0.681969251,0.698998761,0.686183216,0.690704681
99,0.709557695,0.707122756,0.707417239,0.703197805,0.702601704,0.70473836,0.699647002,0.69736607,0.694622088,0.698815727
100,0.713481706,0.709678954,0.711455799,0.709878711,0.711214132,0.710526305,0.704954957,0.706346843,0.703611074,0.711931014
101,0.710775708,0.703829168,0.707194305,0.708549703,0.711129074,0.710901947,0.706127612,0.707045639,0.707735775,0.710613275
102,0.712479267,0.712375289,0.710043691,0.709292151,0.711096877,0.711820762,0.705455818,0.706594028,0.709479893,0.711898293
103,0.71008363,0.708529321,0.70658347,0.706946229,0.706258851,0.703755211,0.701415083,0.703423652,0.707164067,0.702162281
104,0.711152002,0.706727379,0.709596513,0.708021959,0.707555162,0.704726108,0.697360953,0.696156281,0.707678231,0.700717791
105,0.761019922,0.760391997,0.761104888,0.760902979,0.760884554,0.761107628,0.760416969,0.760472055,0.760521908,0.761185695
106,0.761405211,0.760234955,0.760576781,0.760569596,0.760290276,0.760572051,0.759501607,0.759533358,0.759316467,0.760606839
107,0.709896589,0.701927123,0.70763094,0.700310396,0.705533856,0.698642951,0.692348425,0.695294114,0.694628433,0.698569245
108,0.712017899,0.70961625,0.709043967,0.706706811,0.70726133,0.699513693,0.697797339,0.699389078,0.696778719,0.705222412
109,0.713617128,0.71214316,0.707369022,0.710104216,0.707541549,0.703871143,0.698545044,0.700236478,0.69853586,0.70735297
110,0.713902353,0.7120091,0.711477411,0.712765261,0.710542485,0.710585161,0.706683029,0.709929753,0.702838533,0.712430656
111,0.712755686,0.697112814,0.711081271,0.710335626,0.707618316,0.707729964,0.704300292,0.703495764,0.69894713,0.709147294
112,0.710918323,0.698570924,0.709066755,0.709123863,0.706110373,0.707696259,0.698190122,0.702817429,0.696039678,0.707634871
113,0.713298475,0.701669087,0.710911006,0.70865413,0.709226509,0.707131769,0.699990286,0.701809192,0.703253859,0.708917445
114,0.713944382,0.689225772,0.712676241,0.710837221,0.70911134,0.709706252,0.703606721,0.70141287,0.699637573,0.711125817
115,0.761403947,0.760191499,0.760693204,0.7613857,0.760610355,0.760012968,0.758025618,0.754562252,0.754769593,0.761010674
116,0.760034357,0.759263519,0.758741101,0.759820372,0.759242443,0.758177094,0.75513933,0.750688728,0.752509026,0.75834799
117,0.758581699,0.758467952,0.758104015,0.758321569,0.758581513,0.754203948,0.751660688,0.749191036,0.745191289,0.756604737
118,0.757863541,0.758324736,0.758062403,0.758697497,0.758338215,0.756846618,0.754854249,0.753381721,0.749482412,0.757625992
119,0.759509869,0.758765647,0.757993117,0.758079377,0.758646876,0.757876613,0.755406204,0.755293872,0.749952762,0.759149336
120,0.759469657,0.75898,0.759147655,0.757911136,0.758042723,0.756489706,0.753870304,0.755444689,0.748079851,0.758809317
121,0.760295924,0.759120188,0.75975893,0.758980871,0.759187942,0.757551925,0.755367887,0.755882683,0.75276066,0.759406319
122,0.759426246,0.758961517,0.757700316,0.758363129,0.758119113,0.755687419,0.753827279,0.752106131,0.752166985,0.757640893
123,0.759955275,0.75898518,0.75909705,0.759326693,0.75847494,0.755364027,0.753924032,0.751530231,0.751353191,0.758254325
124,0.760402058,0.75861221,0.759325829,0.759134963,0.75937523,0.756189048,0.75536009,0.752920595,0.752136332,0.759124912
125,0.760184703,0.758201192,0.758190406,0.757984853,0.758152664,0.755591741,0.754742003,0.753386936,0.753938502,0.759124975
126,0.759980184,0.758652625,0.757964214,0.758965924,0.758107478,0.756568372,0.756165581,0.756055717,0.756248549,0.759454782
127,0.7603546,0.759010229,0.758453605,0.759488988,0.758962875,0.7576068,0.756723886,0.756053761,0.756458475,0.759433646
128,0.761035816,0.759219844,0.758566223,0.759831444,0.760201443,0.757650145,0.756014167,0.757021436,0.754254493,0.759431117
129,0.761391314,0.75888873,0.758501851,0.760254494,0.75995551,0.757276346,0.757631521,0.756756285,0.755101174,0.760217649
130,0.761629828,0.760179072,0.757146916,0.760442821,0.760854527,0.759281611,0.75970572,0.758419462,0.759132508,0.761434366
131,0.76095987,0.75985386,0.758520649,0.760170417,0.760433499,0.759603725,0.75927832,0.759050969,0.758965187,0.760422604
132,0.761652124,0.760436497,0.759247037,0.76109038,0.760735515,0.760604225,0.759414849,0.760263003,0.758723166,0.761173706
133,0.761544641,0.759852771,0.760220526,0.760970334,0.760967817,0.760670508,0.759120096,0.759942966,0.756855106,0.76106071
134,0.705876217,0.698798786,0.702611448,0.700569305,0.702460818,0.688339988,0.689814334,0.689588262,0.672300608,0.67982457
135,0.711506983,0.70548815,0.706485311,0.709241254,0.710170699,0.703518659,0.703047129,0.706397571,0.698436437,0.698566082
136,0.712624688,0.707525999,0.709838883,0.709466882,0.707983169,0.707301395,0.699590782,0.705563341,0.704773159,0.704441235
137,0.713306701,0.70944472,0.711943039,0.711541416,0.71069371,0.710631204,0.703366983,0.708242121,0.707496355,0.710525009
138,0.712107361,0.708203051,0.709882805,0.710030436,0.709863646,0.708252439,0.701814712,0.703285823,0.700700198,0.710632029
139,0.713070866,0.704028181,0.70713853,0.710083491,0.708257999,0.704512511,0.698087739,0.700766497,0.697302256,0.711888336
140,0.71171601,0.703223622,0.706371556,0.709748939,0.707044804,0.703858586,0.698586296,0.704128361,0.700975964,0.711278369
141,0.711227156,0.699273302,0.704249416,0.707535139,0.705586049,0.701877955,0.696528917,0.69393524,0.700198097,0.710383636
142,0.713095882,0.701604006,0.703962767,0.70740875,0.704482868,0.702849238,0.692917986,0.690997473,0.704902664,0.710960398
143,0.713241277,0.701825943,0.707358988,0.709391252,0.707498834,0.708069603,0.700926757,0.70062162,0.706914394,0.71288102
144,0.713126571,0.698404235,0.710328658,0.708932572,0.70922534,0.709327167,0.702586265,0.705038996,0.706324197,0.711481644
145,0.761458315,0.760094204,0.759199256,0.760274892,0.759743265,0.758798806,0.757147955,0.75774137,0.756429363,0.760568787
146,0.761477547,0.760221724,0.759091974,0.760855905,0.760795825,0.758673509,0.75681282,0.757177347,0.757605239,0.760558065
147,0.761775972,0.760512028,0.759746068,0.76142436,0.76134791,0.760723982,0.758951788,0.758153569,0.760102401,0.761451424
148,0.76164985,0.761058721,0.759826405,0.761461969,0.761496594,0.761217185,0.759911822,0.75794567,0.760941054,0.76154557
149,0.761769105,0.760568071,0.760478923,0.761302535,0.761282746,0.761159586,0.760340689,0.759620757,0.760672394,0.761120255
150,0.761833191,0.760541095,0.761331225,0.761636479,0.761584924,0.761628893,0.760899247,0.759718554,0.760565786,0.761657814
151,0.761356117,0.759966804,0.758830283,0.760987829,0.760331611,0.75984776,0.759236409,0.758078338,0.759393644,0.760165481
152,0.761712294,0.760304312,0.759454258,0.761441456,0.761409672,0.760680202,0.760333921,0.759471069,0.759066731,0.761159463
153,0.761582277,0.760702794,0.759906877,0.761442706,0.761382214,0.761153653,0.760909067,0.760813689,0.760852598,0.761514521
154,0.761394972,0.760780869,0.758675649,0.761387468,0.761244683,0.76074276,0.760509333,0.760563528,0.760637304,0.761129053
155,0.761681134,0.760904362,0.75963676,0.761316138,0.761590562,0.761204246,0.76098985,0.761130126,0.760922433,0.761518808
156,0.761592817,0.760745681,0.759517068,0.761308451,0.761560949,0.760675213,0.760770134,0.761045331,0.760382617,0.761238616
157,0.761571636,0.76056141,0.760584887,0.761309797,0.761403706,0.761052004,0.760711969,0.760918538,0.760626601,0.761183797
158,0.761292269,0.760296434,0.759604661,0.760746542,0.760112783,0.759427777,0.757939865,0.75608397,0.756862931,0.758125895
159,0.760818812,0.759248897,0.758417656,0.759981065,0.759694969,0.75879849,0.757705294,0.755122612,0.755191488,0.759180683
160,0.76038457,0.759188401,0.758940146,0.759507699,0.759242008,0.757591528,0.756890584,0.756800209,0.756381774,0.759114038
161,0.761241413,0.75924228,0.758577157,0.760625638,0.759505247,0.758780471,0.757221935,0.756926058,0.75780781,0.759817022
162,0.760444187,0.75861008,0.758918394,0.7601642,0.758892431,0.758760848,0.756788156,0.756925474,0.756530961,0.759714316
163,0.758860504,0.757558101,0.756314929,0.75861962,0.758273951,0.75669902,0.755111875,0.753759693,0.755095194,0.758229149
164,0.75951756,0.758164858,0.754090914,0.759003783,0.757612602,0.752838736,0.751532141,0.754528618,0.751239878,0.756809146
165,0.760434201,0.75895278,0.752021183,0.759138038,0.757759597,0.755204597,0.753060625,0.756087245,0.751988615,0.757854264
166,0.760935382,0.759821609,0.754419354,0.760221865,0.760171753,0.758803939,0.756826064,0.757767252,0.755040012,0.759967093
167,0.761151363,0.759737776,0.758726598,0.760698748,0.759880837,0.759504678,0.758290592,0.757873348,0.757904402,0.760536964
168,0.761685384,0.760160319,0.759931093,0.761387863,0.761246252,0.760302045,0.759832338,0.759060889,0.759103195,0.760840201
169,0.76137178,0.759392167,0.760148715,0.760909362,0.760648924,0.759949736,0.758673195,0.757634419,0.757008122,0.760446032
170,0.695037652,0.700322191,0.695080092,0.695597367,0.690936242,0.685595191,0.674672754,0.691825564,0.682843587,0.685688312
171,0.710341816,0.703548877,0.703585817,0.705923861,0.706396384,0.694948349,0.692393149,0.700614193,0.688845853,0.701287329
172,0.713299704,0.708851038,0.708422426,0.710931482,0.710584424,0.706062287,0.702750928,0.703940156,0.699231593,0.709859289
173,0.71219148,0.710799877,0.709956361,0.711298475,0.712137913,0.709467515,0.707361183,0.704505051,0.701550639,0.71210486
174,0.712537786,0.707489613,0.711233462,0.710428008,0.711959553,0.708900606,0.705308659,0.704859878,0.706163481,0.710947702
175,0.713130517,0.709707812,0.711907165,0.711239075,0.710475649,0.71088109,0.705743967,0.706220006,0.707216469,0.711798995
176,0.713091718,0.710435159,0.711321022,0.712367647,0.711145508,0.711197078,0.708265086,0.707504087,0.709094745,0.711931244
177,0.712525342,0.708810424,0.710547219,0.712194952,0.71131128,0.710055293,0.707732847,0.706752581,0.707148085,0.710728558
178,0.712680244,0.703746591,0.709422528,0.711365343,0.711132487,0.709371476,0.706130045,0.705882918,0.708325356,0.711820294
179,0.713304624,0.709967302,0.712035321,0.712398678,0.711685828,0.71157854,0.708997694,0.709310035,0.710463951,0.712187343
180,0.713225935,0.710333839,0.711776318,0.712829439,0.711811814,0.711024631,0.710184742,0.707497641,0.710777524,0.711925444
181,0.712861025,0.70201467,0.710489416,0.712741927,0.711396634,0.710038619,0.70876399,0.706607596,0.710863138,0.71206043
182,0.713681206,0.699045334,0.712789763,0.713608394,0.712526365,0.711940923,0.711089285,0.707955295,0.711770392,0.713467685
183,0.713416664,0.700152723,0.713522762,0.713372499,0.713455191,0.712365858,0.711907958,0.71099461,0.710886488,0.712953211
184,0.712765513,0.686006929,0.712016314,0.712808924,0.712402219,0.710052775,0.709953247,0.710137178,0.709141239,0.711522748
185,0.711809365,0.702088221,0.712150501,0.710779698,0.70912775,0.705638318,0.703313102,0.705897891,0.703602715,0.707040943
186,0.712904486,0.701027342,0.712609374,0.711239974,0.710136022,0.707943301,0.705299623,0.705119042,0.70460944,0.709457796
187,0.712098822,0.704887168,0.711384761,0.711200783,0.710855975,0.708815762,0.707366492,0.709173008,0.705328879,0.710867208
188,0.713014056,0.704214073,0.71099121,0.71178657,0.712651081,0.710771893,0.707149254,0.70782912,0.707903326,0.712080763
189,0.712470247,0.705965596,0.711391516,0.70987111,0.710921316,0.709696137,0.704777936,0.705386866,0.708760948,0.710875573
190,0.712249304,0.706673727,0.712061174,0.711214948,0.712067173,0.709120096,0.706190443,0.704472867,0.707618725,0.711405186
191,0.712163855,0.70911094,0.712604373,0.710301985,0.710199426,0.709857137,0.705024932,0.702298083,0.708562727,0.712010065
192,0.713373002,0.709176812,0.712056946,0.711843428,0.71037713,0.711591008,0.707359963,0.705402809,0.709073066,0.712843898
193,0.713655971,0.710536933,0.712031973,0.712351136,0.711469904,0.710957083,0.707700513,0.706344377,0.706945883,0.71250456
194,0.713570604,0.710946727,0.712643886,0.710733992,0.71200251,0.710074199,0.707666866,0.707440041,0.70702231,0.712447421
195,0.713587271,0.710536763,0.712975369,0.712976374,0.712850347,0.710617603,0.709501059,0.708775626,0.708257533,0.713000546
196,0.713067756,0.709252918,0.712230358,0.712783324,0.711555375,0.710027789,0.709615629,0.708808023,0.709723383,0.712736377
197,0.713678119,0.700383269,0.712367231,0.712909424,0.711715611,0.710428908,0.709738466,0.711033367,0.708559271,0.712257202
198,0.713422899,0.696912095,0.71320184,0.711936578,0.712731594,0.710537936,0.708239639,0.710119919,0.706736837,0.712451042
199,0.714222482,0.706301951,0.71341588,0.713614238,0.713651865,0.712753375,0.710478242,0.712059621,0.707855175,0.713543294
200,0.7137037,0.703676798,0.712418112,0.713168716,0.713114401,0.712964079,0.710616943,0.712502727,0.707546585,0.71356978
201,0.713751595,0.701483164,0.711666044,0.712904343,0.712596056,0.71098661,0.709854453,0.711139043,0.707600711,0.712594531
202,0.712384223,0.707601797,0.712068823,0.711027591,0.711421472,0.71119166,0.706731215,0.708685912,0.707249914,0.712669935
203,0.713364379,0.707292618,0.711541285,0.710246477,0.712188823,0.711290845,0.705645668,0.709402537,0.708428012,0.712605835
204,0.713420848,0.708862868,0.713283851,0.711438611,0.712807988,0.7109997,0.706169979,0.710438152,0.707422483,0.712227688
205,0.713713596,0.710059663,0.713316087,0.712512973,0.712760719,0.711681503,0.70724366,0.7092532,0.706621756,0.712963023
206,0.714170298,0.709418972,0.713099273,0.712997237,0.713513837,0.713291163,0.710370611,0.713745473,0.708335417,0.713638778
207,0.710092017,0.709917978,0.71225966,0.713210202,0.712007428,0.710250227,0.710512325,0.709575718,0.707983275,0.711090253
208,0.710576135,0.710666769,0.71199611,0.712939605,0.711120703,0.706799359,0.709387875,0.710436915,0.708225625,0.710208442
209,0.713027163,0.69772106,0.712557116,0.710626064,0.710716381,0.710958045,0.709499935,0.711896512,0.708469401,0.712023223
210,0.704117238,0.697434179,0.708440064,0.707131847,0.704095921,0.696425959,0.698476923,0.706570829,0.70663685,0.69664868
211,0.711414175,0.700130609,0.709016003,0.712165557,0.711987897,0.711460154,0.707912031,0.707573749,0.708016875,0.708202601
212,0.711280946,0.709021621,0.711093307,0.712963274,0.713369319,0.710923181,0.708982727,0.705706244,0.709787891,0.711525141
213,0.712485249,0.709832348,0.711459366,0.71246754,0.712405755,0.709390394,0.707921453,0.707197155,0.710205448,0.711181656
214,0.711294146,0.710773711,0.712022726,0.711201149,0.70950587,0.709130966,0.705938845,0.706633365,0.708721467,0.710290293
215,0.713452084,0.708364743,0.713228728,0.713154206,0.713501969,0.711533483,0.709123275,0.7094187,0.710299137,0.713123832
216,0.710627934,0.706751591,0.708402147,0.710172566,0.711085266,0.70818757,0.708586881,0.709583914,0.70605531,0.71050188
217,0.708064775,0.699243669,0.708569004,0.706065777,0.70606827,0.702529383,0.698088237,0.70242416,0.700710446,0.704109283
218,0.757511587,0.746880496,0.825187686,0.757556882,0.770113186,0.728972814,0.745388253,0.737730308,0.802986962,0.832973383
219,0.791421416,0.741149811,0.823081284,0.829431219,0.807978136,0.802906961,0.79546964,0.814982333,0.781501783,0.831896987
220,0.843687315,0.818213178,0.84287061,0.846523122,0.841506038,0.827511891,0.824803741,0.825286282,0.812173878,0.840856366
221,0.847987785,0.844426629,0.845956423,0.847784451,0.842105631,0.84063484,0.83106306,0.832068145,0.829510063,0.843621342
222,0.846807947,0.831525596,0.838516685,0.847116957,0.84685404,0.835496512,0.824531501,0.828463138,0.832460241,0.832982947
223,0.845579439,0.844318818,0.845484219,0.848209584,0.848552448,0.843851211,0.832039388,0.841700549,0.833573847,0.845240603
224,0.850516905,0.815274223,0.84904515,0.851391757,0.85243952,0.84839796,0.832800639,0.839651135,0.840256262,0.853240298
225,0.853586195,0.847990629,0.850815332,0.853844162,0.853790346,0.851650525,0.837107519,0.838857921,0.847532156,0.854714043
226,0.854399246,0.845407671,0.851612388,0.854255228,0.854480545,0.853211125,0.841737092,0.845183772,0.849332411,0.854714857
227,0.853288048,0.849404982,0.850159594,0.853912329,0.853577342,0.850793264,0.84079117,0.840629923,0.848095386,0.853832802
228,0.852612045,0.850291026,0.849757133,0.852735048,0.853321779,0.851381228,0.842009386,0.842606831,0.848043287,0.854444141
229,0.846386704,0.842442905,0.846085553,0.849242347,0.848837215,0.843052834,0.834412262,0.829785465,0.839438259,0.849544432
230,0.847026782,0.842980884,0.846409237,0.84804085,0.851450812,0.841013276,0.833784139,0.827899559,0.839338882,0.849317734
231,0.85096082,0.847570827,0.845634172,0.850305132,0.849516149,0.840755594,0.836031205,0.83775352,0.839860199,0.851925356
232,0.852222576,0.850093648,0.847378573,0.849844093,0.850947199,0.847558798,0.842230671,0.840740253,0.84729044,0.853437359
233,0.930280126,0.900817386,0.981749715,0.911740245,0.94345338,0.912413599,0.911328586,0.906451314,0.973034691,0.987008264
234,0.971495206,0.950628096,0.981582344,0.980198931,0.985789333,0.915888789,0.914648576,0.906737232,0.967731984,0.979460665
235,0.961922699,0.89592863,0.965252868,0.97246135,0.977859786,0.918583615,0.930888648,0.928712741,0.94870506,0.95905807
236,0.84371623,0.843767951,0.825195759,0.850479551,0.850187552,0.834970631,0.826235096,0.832072926,0.823463345,0.842855084
237,0.963947021,0.828704267,0.94572334,0.976695344,0.978923571,0.926860057,0.901339442,0.890250732,0.944072259,0.98080443
238,0.74607966,0.750088503,0.725190359,0.751240301,0.751260078,0.739408665,0.73724373,0.741517662,0.726807557,0.747603818
239,0.781765482,0.792107589,0.814771107,0.845276993,0.836355613,0.821011569,0.80120278,0.759422557,0.805387757,0.833336885
240,0.747548077,0.743938628,0.734337227,0.753846898,0.754957307,0.741513624,0.744615254,0.746910565,0.739389888,0.751477644
241,0.791432465,0.731115827,0.832599308,0.842704506,0.841643697,0.813524942,0.81141846,0.762205572,0.817395442,0.832840273
242,0.821626579,0.753262415,0.820441907,0.836463711,0.835791332,0.799766609,0.789971095,0.745397323,0.802286726,0.828403575
243,0.792189861,0.755465528,0.82478349,0.834207079,0.829308462,0.776874717,0.786559461,0.752148804,0.811852764,0.83362975
244,0.750205876,0.747028692,0.828242597,0.835485528,0.828765272,0.763061319,0.786079379,0.766268002,0.803139588,0.830317297
245,0.799535078,0.738414685,0.832732143,0.842357093,0.843400181,0.780775537,0.807622732,0.769998213,0.818757072,0.838532426
246,0.831255551,0.794753522,0.826397496,0.846928984,0.845563013,0.791379676,0.807077691,0.760921533,0.82686327,0.834209056
247,0.759613528,0.760556114,0.820900314,0.841485387,0.832950692,0.77117395,0.804622207,0.735728005,0.825921172,0.833135749
248,0.882306418,0.889855918,0.965024534,0.976683371,0.965054768,0.892190782,0.919140647,0.955987645,0.960533951,0.963740208
249,0.956830199,0.898234836,0.945820374,0.973108836,0.982720565,0.903066277,0.924125673,0.945554754,0.954544882,0.976087446
250,0.847879526,0.826266032,0.818720674,0.842059447,0.844633988,0.820381094,0.825379619,0.824552525,0.820272564,0.841943304
251,0.957908646,0.881155173,0.92635033,0.887301901,0.972714358,0.905129507,0.941306304,0.949042113,0.940482694,0.969064611
252,0.84557085,0.819894338,0.803651611,0.841304465,0.843877051,0.81241016,0.820508274,0.823700318,0.813968036,0.840519104
253,0.969308983,0.887209439,0.94758809,0.965731642,0.935723635,0.938627746,0.934428246,0.960185314,0.951908595,0.970228042
254,0.969861776,0.925921602,0.951219438,0.959742053,0.968971036,0.94587244,0.925642692,0.941887219,0.936050525,0.967863446
255,0.987313361,0.922891433,0.971509757,0.981495709,0.976627003,0.963992137,0.938530713,0.937448777,0.944336502,0.972461861
256,0.841995579,0.791811988,0.826404506,0.843060034,0.836042663,0.821472876,0.799860482,0.788806624,0.795864398,0.833855501
257,0.820732933,0.736291198,0.829326181,0.837831973,0.832542612,0.805871527,0.795963502,0.794093582,0.802019061,0.827991591
258,0.929764928,0.890373662,0.936834341,0.973525299,0.932522985,0.897155075,0.866964967,0.904452471,0.890986431,0.928759744
259,0.969739558,0.913378129,0.964932767,0.984480019,0.980096629,0.934252933,0.893179992,0.919979703,0.919592521,0.961906279
260,0.978772137,0.975864959,0.961619076,0.972222271,0.980521999,0.938732368,0.897603248,0.933237101,0.925960929,0.955430437
261,0.984401882,0.98388202,0.973263215,0.984040968,0.98454143,0.941790885,0.912039927,0.94577117,0.947877287,0.977281599
262,0.945197853,0.940032101,0.973852473,0.966773601,0.95971849,0.946832,0.925437812,0.935295964,0.93526768,0.970378721
263,0.967633725,0.972179285,0.96390952,0.978740797,0.963037511,0.950347968,0.940850612,0.942069485,0.952583203,0.962713422
264,0.978214569,0.976066814,0.964020749,0.983906957,0.977285382,0.967494184,0.957410707,0.953909028,0.963696736,0.975651093
265,0.986330009,0.985234725,0.967811879,0.980093139,0.987215089,0.973424501,0.956883551,0.961991901,0.972636284,0.981338577
266,0.984893486,0.980828433,0.956526707,0.977581547,0.982594927,0.967974903,0.949772655,0.962407871,0.968978006,0.979070005
267,0.986348219,0.983593021,0.94953331,0.97856769,0.980581663,0.968518847,0.957213502,0.968610647,0.973624659,0.978340002
268,0.987998771,0.980828716,0.950414502,0.982966334,0.983961169,0.980197888,0.964771288,0.963514381,0.979385914,0.988234776
269,0.983853012,0.968667012,0.952689723,0.979894601,0.985335924,0.978533799,0.960202131,0.963246645,0.978523801,0.986232869
270,0.986123204,0.950502232,0.959196203,0.974385809,0.974433668,0.976671733,0.961750819,0.963486997,0.972960864,0.984892246
271,0.986251535,0.966359339,0.96755922,0.97873969,0.987857773,0.976341555,0.959147427,0.964409076,0.969059573,0.983817227
272,0.98521694,0.94588846,0.966325285,0.986429793,0.986777722,0.973997298,0.960293884,0.967894909,0.965938114,0.98288726
273,0.982610884,0.976485373,0.969995468,0.979170983,0.981521579,0.968675098,0.964454446,0.97154531,0.965416974,0.982579914
274,0.986676962,0.972633643,0.969063328,0.979771455,0.978813357,0.971178841,0.959758999,0.971118996,0.961748419,0.982220371
275,0.993896672,0.978132256,0.974592757,0.985909784,0.988631072,0.982892166,0.972789936,0.98166879,0.980174315,0.991452899
276,0.971843112,0.957611271,0.967604344,0.975797433,0.973119099,0.971039581,0.959957668,0.970479775,0.962790338,0.976086372
277,0.979572188,0.923397486,0.967591014,0.985330962,0.965315495,0.96922011,0.963187245,0.967886075,0.960566156,0.982250773
278,0.985940811,0.919865618,0.978747506,0.987390487,0.977318369,0.975126455,0.96857319,0.972780329,0.965629855,0.986036418
279,0.983537254,0.945472019,0.974806016,0.984096606,0.979986728,0.973735041,0.970619284,0.96764097,0.965627799,0.985241656
280,0.985482934,0.924608517,0.985227928,0.983835623,0.975045545,0.980556711,0.975766839,0.974133762,0.973785715,0.992472224
281,0.978696883,0.930800414,0.979022244,0.985909485,0.977828286,0.97623987,0.972129516,0.972695994,0.966527341,0.989038534
282,0.973161498,0.943953372,0.974810488,0.966457708,0.985745601,0.971847873,0.968609709,0.979321614,0.967438404,0.985098568
283,0.976296325,0.925637893,0.973645437,0.979929741,0.984952264,0.9721033,0.969128394,0.974555907,0.970478792,0.989025262
284,0.983802653,0.931382542,0.980062405,0.988336864,0.985007515,0.978363599,0.976104755,0.974479122,0.978173325,0.991089886
285,0.983293306,0.907302267,0.971872873,0.988353321,0.981893532,0.977608297,0.979781521,0.979496417,0.966362914,0.988214554
286,0.980399464,0.889978625,0.97391503,0.981648647,0.973973522,0.964213719,0.96851809,0.964655901,0.967395654,0.987345078
287,0.984167385,0.962894984,0.975832411,0.983641939,0.957964046,0.97423545,0.969523739,0.970200048,0.972497286,0.988842422
288,0.842920638,0.793740552,0.841006991,0.847263916,0.841923465,0.834430849,0.824639221,0.833015276,0.827315824,0.84533
289,0.835906765,0.774405056,0.827850293,0.832306196,0.830274873,0.831342169,0.818223432,0.819763265,0.825708644,0.838695083
290,0.963326778,0.934750112,0.962261649,0.97900479,0.959645457,0.961730075,0.947686907,0.943741782,0.954701426,0.977840389
291,0.982876317,0.965472509,0.971067589,0.982474402,0.982714217,0.968438346,0.962492686,0.928633837,0.968947164,0.986005567
292,0.978377896,0.970146984,0.967929723,0.983247446,0.985677272,0.962534443,0.971282383,0.948879102,0.962194786,0.973819629
293,0.94800486,0.892902888,0.946279381,0.933127643,0.941068613,0.935146584,0.948141245,0.934485303,0.949031662,0.958226924
294,0.933947369,0.918842629,0.977535807,0.986484354,0.980008334,0.974596585,0.962575275,0.974307952,0.973154086,0.985479225
295,0.835783056,0.819979395,0.835238308,0.840917434,0.841815986,0.832735371,0.824677978,0.823708774,0.832974026,0.841261088
296,0.839429125,0.820242132,0.81639699,0.836857539,0.83036528,0.824654777,0.824033776,0.812938004,0.824170498,0.836322206
297,0.840145511,0.804190097,0.834515334,0.842881926,0.83456786,0.827109142,0.827786877,0.833215692,0.835882063,0.844635857
298,0.814539544,0.802669207,0.846243422,0.840404962,0.827144432,0.841337357,0.833263882,0.840837197,0.843732166,0.851329629
299,0.829200309,0.800851619,0.823889825,0.829999429,0.842020781,0.831982523,0.824576693,0.807271349,0.812144904,0.844013047
300,0.851592227,0.803229737,0.841877394,0.846929234,0.84581869,0.835317459,0.83456237,0.829040127,0.842253255,0.850461495
301,0.758697164,0.741542375,0.754102261,0.757077332,0.756769465,0.749086948,0.750779115,0.753431383,0.754658188,0.758300902
302,0.759055392,0.748353189,0.743318396,0.753719617,0.754035042,0.732187058,0.742964265,0.7260039,0.742608032,0.753395193
303,0.712140993,0.70822116,0.709817714,0.713575668,0.712750624,0.708052785,0.711398715,0.711704903,0.711776338,0.712980257
304,0.712506842,0.709967364,0.708570881,0.713074632,0.713096166,0.707522334,0.711607541,0.711455491,0.711270373,0.712288668
305,0.827625235,0.754555746,0.827739252,0.814569027,0.78461056,0.803471481,0.808942611,0.785301878,0.82336562,0.809054527
306,0.840005382,0.77010077,0.829973661,0.831908432,0.837864606,0.83492192,0.822671172,0.823864611,0.833292694,0.831071758
307,0.82574082,0.760596644,0.83576631,0.831113306,0.830129212,0.82745685,0.820359034,0.811160296,0.823131885,0.839731355
308,0.755113409,0.748370902,0.746012827,0.757055201,0.756564076,0.73609347,0.741262522,0.738639555,0.742145917,0.751958494
309,0.756007236,0.737273865,0.741818903,0.755876611,0.755433125,0.749713098,0.743208779,0.737279118,0.746660334,0.753209595
310,0.75302319,0.743752153,0.747052139,0.754721098,0.752000512,0.751073337,0.746146082,0.738095728,0.750633906,0.752373267
311,0.751904584,0.747275823,0.747616698,0.75903403,0.755905811,0.753898142,0.746970152,0.741112452,0.75176558,0.752232244
312,0.753680395,0.748252844,0.740186121,0.753062413,0.750926292,0.748011165,0.742103625,0.74098034,0.748206692,0.74906206
313,0.824058874,0.783147147,0.814030565,0.828405867,0.828124419,0.771439608,0.78587146,0.757927066,0.788644004,0.79704215
314,0.831484701,0.812946657,0.821299427,0.842809035,0.840456647,0.754946676,0.795821857,0.739018394,0.781911806,0.802297237
315,0.784781176,0.793614458,0.817562845,0.837051736,0.837874434,0.792706343,0.819256264,0.82367772,0.816614599,0.826562961
316,0.835388843,0.755065786,0.830409565,0.845192338,0.844054789,0.837433428,0.832455272,0.838170711,0.836708939,0.843790344
317,0.758173251,0.735431204,0.749595242,0.758316629,0.756957627,0.748062271,0.750156288,0.751454251,0.75422698,0.757751995
318,0.750223274,0.736076734,0.749319515,0.757106061,0.75519917,0.741656662,0.744769368,0.746623958,0.744764008,0.747921647
319,0.754163527,0.726965339,0.746868165,0.757649224,0.758531539,0.74402587,0.741523529,0.744851767,0.744857027,0.744332894
320,0.753939616,0.741501689,0.75699354,0.758886413,0.758197727,0.752460214,0.749611989,0.745739514,0.750533911,0.756140335
321,0.760021185,0.743210437,0.757719976,0.758307343,0.759056783,0.756712592,0.754541875,0.75364932,0.752474535,0.759533259
322,0.758084456,0.749272307,0.756417568,0.758830715,0.759530249,0.755736291,0.754200041,0.755206955,0.751486458,0.758786758
323,0.757605443,0.738382063,0.755966442,0.757392159,0.757478654,0.752638424,0.751875794,0.752570692,0.750763287,0.756014653
324,0.757649811,0.74129657,0.75413569,0.757524579,0.756989009,0.748007141,0.751065401,0.749614082,0.748541431,0.753388924
325,0.757605613,0.735734682,0.750606218,0.757763358,0.755140768,0.745706187,0.752047017,0.749214579,0.749913048,0.756110442
326,0.752483564,0.733970368,0.746748719,0.756259416,0.754710529,0.744525538,0.748695739,0.749091369,0.747818994,0.755559058
327,0.752816857,0.730252765,0.75249632,0.752488858,0.755155287,0.745389164,0.749238404,0.750997624,0.747424465,0.754607111
328,0.746172151,0.735689283,0.744685579,0.756576724,0.754119702,0.737351214,0.74428988,0.745905455,0.737272042,0.748062487
329,0.7478252,0.74302367,0.751077673,0.754873614,0.756824913,0.742412721,0.746849795,0.746167905,0.741328438,0.751114418
330,0.732422419,0.721125622,0.743895217,0.742756006,0.744634743,0.716631585,0.737789326,0.725122007,0.736122851,0.741905468
331,0.804283145,0.799520767,0.782840692,0.805918458,0.81655807,0.72459654,0.744601811,0.675332586,0.77553133,0.780401137
332,0.84191751,0.833775289,0.817712119,0.84447554,0.842569116,0.807221104,0.79077662,0.792500563,0.793455005,0.805465126
333,0.835590846,0.804997222,0.800975762,0.836679043,0.839087893,0.812588025,0.792619068,0.804474202,0.799179268,0.823548424
334,0.746098602,0.733307615,0.745125355,0.738280793,0.744157282,0.732227707,0.732476851,0.73565004,0.730872238,0.743482213
335,0.737915469,0.746574482,0.746384478,0.753906993,0.751632098,0.722328507,0.731161602,0.734802421,0.732175751,0.746215875
336,0.748380075,0.731360984,0.748663121,0.756226542,0.753821624,0.741894433,0.740361187,0.745914173,0.739827293,0.752995392
337,0.727495428,0.748593129,0.749054418,0.757100036,0.754118848,0.740025944,0.738178713,0.744142059,0.740436095,0.755955062
338,0.738953193,0.7336804,0.744966877,0.756489541,0.754256503,0.742579636,0.739609121,0.746826325,0.741588993,0.754836339
339,0.737593477,0.735605674,0.726711084,0.74109706,0.748985005,0.735150538,0.723920331,0.729410448,0.739962878,0.747059664
340,0.750153846,0.747519983,0.734217643,0.753531287,0.754143787,0.743193109,0.735439277,0.738634483,0.745587412,0.753721833
341,0.769638065,0.723206426,0.830035944,0.767143565,0.763765347,0.774620258,0.768335763,0.784519859,0.82490811,0.812887647
342,0.8170495,0.808723201,0.831805146,0.820512235,0.828057088,0.772130213,0.77956335,0.788701575,0.803020638,0.80885538
343,0.835256301,0.833521835,0.836878995,0.841957355,0.83468309,0.818008647,0.801667663,0.78853351,0.817188975,0.830268542
344,0.838282462,0.834423597,0.826884951,0.84380751,0.842441562,0.82910992,0.818832051,0.817930597,0.822605292,0.835802719
345,0.844846317,0.814869675,0.828034402,0.844535512,0.848121247,0.829938382,0.826319637,0.829996387,0.830297051,0.839749471
346,0.843586999,0.817353425,0.833104467,0.841903708,0.842340511,0.825747947,0.822066625,0.82902757,0.826965681,0.842005193
347,0.844840752,0.823247828,0.842307039,0.842720549,0.844186018,0.838002657,0.831237807,0.829550924,0.840533375,0.849275552
348,0.849866449,0.838173683,0.836533701,0.849306908,0.845919543,0.832837086,0.834811668,0.830034324,0.836209814,0.849848048
349,0.844504308,0.818495067,0.837031393,0.842313286,0.840559164,0.822328276,0.817236737,0.823769844,0.829087024,0.840245089
350,0.846130456,0.828847032,0.839389071,0.842336773,0.847578861,0.821070664,0.832756467,0.840794214,0.835132151,0.845826297
351,0.843783658,0.827079008,0.841154613,0.841225766,0.842867519,0.827286961,0.827713141,0.822184719,0.835997895,0.848586128
352,0.840140158,0.819429351,0.840949405,0.841618014,0.841075456,0.82849099,0.828276039,0.839675292,0.835769444,0.848636036
353,0.839701452,0.833155766,0.844496469,0.84281418,0.847842924,0.836244039,0.835085091,0.834710602,0.836837587,0.848341406
354,0.844866864,0.822968315,0.837133546,0.844947024,0.8431242,0.828734484,0.830424135,0.830150577,0.838247225,0.846487377
355,0.850972536,0.847435948,0.843972405,0.847287691,0.846869528,0.828210454,0.830824622,0.820020788,0.841191345,0.849791671
356,0.846879077,0.831989162,0.843539155,0.8481604,0.850638891,0.828684031,0.833273914,0.829664673,0.837791483,0.848985915
357,0.835188898,0.798932718,0.836306692,0.840855574,0.84323218,0.821509662,0.815094796,0.80841464,0.818489772,0.838646406
358,0.83244734,0.830821764,0.827667702,0.829110299,0.830694929,0.824345863,0.803150316,0.804244863,0.81818575,0.827039917
359,0.84107277,0.827991837,0.827515825,0.844710767,0.843186277,0.833110789,0.82211044,0.823104846,0.828764678,0.84167378
360,0.837683358,0.791302344,0.836475859,0.838542833,0.837554372,0.834407114,0.820778854,0.82856376,0.824428227,0.841595137
361,0.839741237,0.782850923,0.835821033,0.844379369,0.842920818,0.831703534,0.821387147,0.837962636,0.822207476,0.842336538
362,0.843833301,0.822854448,0.845851293,0.843233777,0.846300834,0.826572624,0.828312674,0.832817081,0.828292898,0.838895
363,0.843615036,0.83777954,0.842947338,0.849627149,0.850403925,0.834173137,0.831123606,0.831424857,0.832271256,0.84281752
364,0.82396339,0.825176278,0.833835456,0.825094839,0.828712915,0.824190604,0.807776488,0.813956194,0.811312942,0.831793428
365,0.844885772,0.840329718,0.832828498,0.838935085,0.837112327,0.827173997,0.807024781,0.824357649,0.809768318,0.832807525
366,0.836898775,0.845224855,0.833603932,0.841563181,0.84448286,0.82246395,0.806301731,0.813757154,0.816915969,0.836156256
367,0.84228699,0.841759882,0.826764637,0.845297751,0.84413157,0.823241827,0.817362646,0.824060806,0.826220254,0.844901599
368,0.827318717,0.828959526,0.817804497,0.830845261,0.827690683,0.81897864,0.807770999,0.811583948,0.806783865,0.835142996
369,0.847137717,0.825136503,0.828909444,0.842813906,0.841406586,0.829980831,0.815971956,0.825467471,0.818762188,0.84346469
370,0.845906093,0.823904995,0.825433902,0.836231762,0.843827516,0.837151311,0.81559798,0.827928619,0.827463581,0.84073697
371,0.853001184,0.839713574,0.830009805,0.849058585,0.848957718,0.840603816,0.819951166,0.827813124,0.837347252,0.846614061
372,0.852530237,0.836080972,0.831371108,0.851431538,0.852970422,0.841534465,0.82910169,0.836917852,0.833680642,0.85028068
373,0.84969263,0.84208362,0.835288967,0.843086541,0.850717342,0.842567863,0.82993647,0.834522167,0.835369677,0.848981128
374,0.849436679,0.842187196,0.833082288,0.843040815,0.848129617,0.845289831,0.834531199,0.838148696,0.83415506,0.850390125
375,0.846954377,0.83859117,0.826381377,0.847149624,0.84322172,0.842560105,0.832119026,0.84430828,0.828911544,0.845383218
376,0.844998007,0.834152161,0.822582529,0.841336235,0.840881305,0.843702698,0.830610167,0.840452383,0.828507069,0.84690594
377,0.843774598,0.836169329,0.828916612,0.831342215,0.842069832,0.828327628,0.81224707,0.825236467,0.826331209,0.836545001
378,0.854436598,0.82951778,0.835896849,0.847839558,0.844730724,0.849813508,0.83156209,0.836424665,0.839404115,0.854882692
379,0.851063075,0.819866731,0.831838755,0.844713579,0.848874581,0.84445314,0.830834955,0.839765189,0.839874907,0.847647145
380,0.850534898,0.823366092,0.817128952,0.851965885,0.851263896,0.842901676,0.834681518,0.835442592,0.837647255,0.844654041
381,0.851556366,0.825738963,0.820300063,0.853604055,0.851675255,0.836757735,0.840946278,0.837589359,0.845814662,0.851517379
382,0.849959888,0.82332921,0.832592983,0.848161435,0.852387941,0.839630442,0.843908181,0.837788819,0.847551432,0.853237669
383,0.848730419,0.826085018,0.847007329,0.85090141,0.849325841,0.843259742,0.840528395,0.837478383,0.843970563,0.850312013
384,0.833038279,0.818880343,0.840164728,0.836083218,0.835330337,0.842134583,0.830033122,0.824424204,0.830546887,0.842785621
385,0.8427611,0.819193232,0.840390818,0.843838185,0.843815748,0.838917657,0.828930845,0.833736216,0.830946158,0.844288092
386,0.844777097,0.835791486,0.834717537,0.839106457,0.839652012,0.836852427,0.830624628,0.83571574,0.833889627,0.847024433
387,0.841671465,0.818555571,0.842265232,0.848334551,0.847515254,0.842010645,0.839666705,0.841912218,0.838931732,0.851730462
388,0.839490501,0.811876658,0.838101748,0.849549789,0.849391394,0.837879006,0.840164323,0.840127994,0.8362313,0.848741339
389,0.843769875,0.805031011,0.840722337,0.84460942,0.850449888,0.839030646,0.840046062,0.830242017,0.830604972,0.845969458
390,0.835409246,0.815913557,0.800172271,0.832444924,0.832895225,0.800313323,0.809388946,0.809603975,0.822150088,0.829076118
391,0.837451365,0.805081954,0.829150198,0.839064284,0.833074105,0.82236209,0.81987104,0.822076865,0.823939175,0.838183648
392,0.846149236,0.791376028,0.837471446,0.837579212,0.831862964,0.824288461,0.820662578,0.82957802,0.818408802,0.841867443
393,0.843472508,0.812021224,0.833144538,0.834603902,0.838571906,0.829202403,0.821469091,0.825324136,0.822479515,0.83946915
394,0.843796632,0.806884606,0.830058614,0.834746539,0.834283463,0.827460195,0.81774338,0.817398232,0.82460298,0.840826095
395,0.847801794,0.822826398,0.83425434,0.845451617,0.835624511,0.835524472,0.826909858,0.825885082,0.831322208,0.845785839
396,0.84088079,0.814353164,0.841997103,0.83935978,0.843222706,0.834281903,0.82569388,0.825690992,0.832956241,0.843370284
397,0.835216767,0.832465027,0.830910823,0.836468684,0.836965083,0.824481021,0.802488439,0.814434235,0.830482457,0.829727481
398,0.842971039,0.823118978,0.833057823,0.838875476,0.839733585,0.827628309,0.811875736,0.813711087,0.832542439,0.834460406
399,0.825688654,0.83402392,0.825766282,0.835047971,0.819139184,0.812508027,0.801153242,0.797516996,0.816765288,0.827351655
400,0.83635919,0.804765336,0.84064097,0.841388754,0.834236951,0.818218434,0.804112991,0.802163954,0.824306015,0.82983487
401,0.845475079,0.823977411,0.833029659,0.842047531,0.842182542,0.826711135,0.823938478,0.830806669,0.829214357,0.842310251
402,0.838829624,0.802510157,0.835663803,0.839335832,0.838672442,0.822152486,0.82070925,0.832232185,0.822381896,0.832681293
403,0.84306721,0.800237942,0.832081919,0.842696958,0.843116748,0.833761035,0.827701617,0.833008973,0.830919557,0.843310695
404,0.842173561,0.828106361,0.82763737,0.839253451,0.843409335,0.829788878,0.818459814,0.817825684,0.817475003,0.828383229
405,0.834915405,0.824008649,0.827210131,0.838897475,0.837480398,0.830044082,0.822936904,0.823056647,0.821420767,0.839743881
406,0.820315304,0.806339065,0.816529609,0.838748059,0.823774593,0.820826534,0.81813693,0.822511687,0.819714568,0.835730617
407,0.845591562,0.801944751,0.832164039,0.838729372,0.824737359,0.83375656,0.827072927,0.819108207,0.831579591,0.842432989
408,0.85071019,0.803888538,0.842015434,0.844963773,0.813681192,0.841245274,0.82891039,0.834293692,0.835096631,0.848374623
409,0.84100081,0.799072311,0.838096368,0.835375626,0.798249833,0.836151067,0.823728259,0.829052029,0.830226285,0.844145249
410,0.837120244,0.814060012,0.841025539,0.837956431,0.804541908,0.843395865,0.822741637,0.827087077,0.834212373,0.846999059
411,0.848951,0.829417753,0.84774077,0.840977717,0.835095555,0.840422113,0.824465213,0.828703991,0.837343071,0.84684008
412,0.847578709,0.819041789,0.845186927,0.840529764,0.832379618,0.838081374,0.82878172,0.827663381,0.835587102,0.844942216
413,0.852006051,0.814194992,0.846587615,0.850861519,0.838809322,0.842919602,0.831425023,0.829556162,0.839602606,0.849051955
414,0.848989412,0.814619315,0.847788084,0.848998167,0.840826522,0.846036553,0.839498052,0.840119807,0.841071567,0.850893337
415,0.849198831,0.815208839,0.846774972,0.846700356,0.840044719,0.847669782,0.840575097,0.836512023,0.839190501,0.852983072
416,0.848557389,0.805891327,0.847274285,0.846220697,0.837389348,0.839743833,0.837037137,0.83773843,0.832309411,0.852341722
417,0.831946457,0.70307907,0.844462493,0.832692138,0.824792939,0.835968606,0.83122616,0.838906765,0.826437527,0.848415026
418,0.751281129,0.711155138,0.752100255,0.753883788,0.749944767,0.740629525,0.743864604,0.745973596,0.73632459,0.756529302
419,0.751755244,0.720837114,0.748061459,0.753472765,0.752495949,0.73642182,0.738401316,0.743796085,0.738019352,0.751409631
420,0.742406909,0.723989141,0.748049796,0.755443947,0.751213397,0.74357526,0.74760577,0.746477609,0.739296323,0.755039859
421,0.751971923,0.710348785,0.757018193,0.757397075,0.752185659,0.750095579,0.750817581,0.742051693,0.741966168,0.758337431
422,0.754541767,0.703675285,0.759971272,0.760167364,0.755165497,0.751616594,0.753075444,0.75240998,0.744410975,0.758247898
423,0.726706297,0.691332007,0.738636653,0.736276814,0.751576069,0.734143438,0.736908547,0.721456547,0.736738951,0.734234541
424,0.788815319,0.770678177,0.834157516,0.820248024,0.811938821,0.785249654,0.790558211,0.78026452,0.793257732,0.802283467
425,0.836124901,0.789440557,0.831978121,0.83164524,0.828077898,0.808690511,0.800969607,0.798710733,0.819799509,0.817704485
426,0.758458304,0.726640154,0.75276086,0.753422826,0.751353351,0.751947245,0.741976876,0.736885725,0.749372513,0.753049644
427,0.75799861,0.71136573,0.751926246,0.750116157,0.759020168,0.75102924,0.744540639,0.737475187,0.750673432,0.75171627
428,0.756849668,0.686181341,0.753981012,0.751603428,0.757027402,0.752433462,0.740276254,0.747434002,0.753395289,0.754705824
429,0.711152784,0.698146912,0.708715437,0.71061138,0.710551955,0.709626925,0.702044585,0.706109258,0.707123385,0.710021524
430,0.713005348,0.707003524,0.711723167,0.710243207,0.711387408,0.712159495,0.705664402,0.708704193,0.707719415,0.712015964
431,0.674287008,0.650644066,0.70144765,0.701254642,0.696739304,0.69646744,0.689438222,0.702252665,0.688481396,0.69738687
432,0.709612271,0.704113339,0.708358608,0.70466229,0.710981432,0.702498076,0.695909847,0.699880388,0.691250365,0.703929635
433,0.713443098,0.705398424,0.709247254,0.713102699,0.712824956,0.707574885,0.708975254,0.709548233,0.703220466,0.711986538
434,0.713942258,0.711235501,0.705744961,0.713717828,0.71384387,0.708780285,0.709395409,0.709669216,0.70638066,0.713610061
435,0.714014519,0.705528192,0.705720041,0.71408212,0.713840021,0.711367554,0.710513598,0.711600894,0.707873145,0.714036204
436,0.714024697,0.709789667,0.709900198,0.713801341,0.713749657,0.713184329,0.712025794,0.713413986,0.710060335,0.713942969
437,0.713614905,0.696816531,0.710633679,0.712977386,0.713240524,0.712665938,0.710917466,0.711923727,0.710744343,0.713328097
438,0.761558635,0.759279491,0.757797471,0.761481967,0.761213522,0.759707853,0.758998891,0.759481243,0.757865923,0.760968343
439,0.761144529,0.759427633,0.758085684,0.760807165,0.760795223,0.759506602,0.759030371,0.759600896,0.75844956,0.760468034
440,0.760917026,0.759025336,0.755338602,0.760199215,0.760186503,0.757315286,0.756833279,0.757260478,0.756502466,0.759245494
441,0.761307811,0.759401462,0.754141803,0.760368786,0.760498346,0.756849783,0.755781498,0.755654602,0.753156048,0.759935108
442,0.76151705,0.759743347,0.753339062,0.761258903,0.760861555,0.758554557,0.758471926,0.757944445,0.753777932,0.758960896
443,0.761500123,0.760292368,0.756751993,0.761355754,0.761139882,0.759712614,0.759903782,0.759035624,0.756102686,0.761090887
444,0.761302806,0.760058904,0.75810678,0.761139654,0.760932936,0.760351426,0.760348111,0.760458461,0.758666989,0.761176908
445,0.709490304,0.707263161,0.709682413,0.711335349,0.713035274,0.706821205,0.704891812,0.708865897,0.704819243,0.702922997
446,0.713196615,0.707625281,0.708443323,0.712360831,0.713022669,0.710730837,0.704584171,0.708111501,0.706977311,0.711508761
447,0.712262305,0.707239519,0.708083774,0.711407935,0.711355807,0.710809067,0.706166946,0.707362934,0.707212916,0.711507299
448,0.713077208,0.71022546,0.710376647,0.712778884,0.712093689,0.711364497,0.709412963,0.709428179,0.710624341,0.712826874
449,0.713682237,0.709261948,0.710266184,0.713068389,0.713466487,0.711402014,0.710631572,0.710071077,0.711386267,0.712811038
450,0.712796544,0.710118911,0.709633977,0.712915104,0.712594721,0.710292341,0.709347704,0.709325037,0.709930184,0.71189987
451,0.713199923,0.708473197,0.712520798,0.713369671,0.712474433,0.711934709,0.710723988,0.71082046,0.710639076,0.712663674
452,0.713354388,0.709384147,0.712382796,0.713206766,0.712227604,0.711621048,0.711173512,0.711508318,0.711045487,0.712637375
453,0.713224646,0.708886776,0.711700209,0.712983726,0.712621741,0.712096196,0.710829352,0.711265757,0.7113645,0.712815467
454,0.712933273,0.709050006,0.710895622,0.712990223,0.712621567,0.710652886,0.709806909,0.708663077,0.709907492,0.711353653
455,0.713269462,0.709103177,0.712052027,0.712759948,0.71255554,0.710870972,0.70982618,0.709289488,0.710481843,0.7118726
456,0.713360291,0.709113548,0.711611962,0.712661554,0.713176085,0.711058715,0.709847128,0.711095825,0.710974369,0.712192867
457,0.71320693,0.711296043,0.71066324,0.712491478,0.713072819,0.711076936,0.7096737,0.70986114,0.709945152,0.712542183
458,0.713173963,0.710729632,0.710640054,0.712664919,0.712780269,0.711531423,0.710702455,0.711058531,0.710675917,0.712932189
459,0.713808061,0.710850345,0.711107948,0.713388341,0.713306589,0.71173311,0.710600161,0.710569283,0.709847839,0.713174856
460,0.713466158,0.710752081,0.710132197,0.713028653,0.713476691,0.712067731,0.711279865,0.711306992,0.709182126,0.713339863
461,0.713208022,0.711760559,0.708178395,0.712924729,0.713586629,0.712146829,0.71148363,0.711498016,0.710150456,0.713159434
462,0.713036335,0.711833677,0.708151858,0.712489464,0.712290524,0.710314198,0.710400008,0.710910503,0.709028012,0.711520991
463,0.713167026,0.711248083,0.709438447,0.712227108,0.711645881,0.709656695,0.709208189,0.70941809,0.707248173,0.709143288
464,0.713196967,0.710773232,0.710066365,0.712017705,0.711762046,0.710044642,0.709905809,0.708581162,0.707170366,0.710601953
465,0.712311152,0.70946423,0.708520825,0.7132403,0.71251656,0.708584897,0.709197782,0.707362586,0.705650098,0.712392821
466,0.712400463,0.709514004,0.709738245,0.713025135,0.712015901,0.709422796,0.708997822,0.709582341,0.705291953,0.712926445
467,0.712473403,0.709183217,0.710629146,0.712921699,0.712335812,0.709101757,0.707770853,0.70692723,0.706233296,0.712053169
468,0.712359462,0.708798933,0.711219079,0.712299717,0.712397118,0.709095512,0.706317215,0.706218312,0.707119939,0.710922744
469,0.712085366,0.708562188,0.709959804,0.711521216,0.712041782,0.708982163,0.705825704,0.704713193,0.705834946,0.711529393
470,0.71205365,0.708818854,0.708687353,0.71122453,0.711837745,0.708213481,0.704227463,0.706570711,0.705386501,0.711046188
471,0.712100719,0.707561121,0.705750057,0.711302539,0.712133993,0.707175471,0.703543844,0.70602091,0.703774426,0.711141562
472,0.712415054,0.706298415,0.704071875,0.71162858,0.710661025,0.706202088,0.703709678,0.706504485,0.703262526,0.711472251
473,0.712896829,0.706805113,0.703438899,0.71210892,0.711872762,0.70492733,0.705074624,0.704745834,0.702478523,0.712260441
474,0.712419859,0.706758583,0.703844533,0.7122786,0.712244011,0.7063559,0.707660853,0.706648833,0.704994476,0.712375463
475,0.713420255,0.707793356,0.70726406,0.712480788,0.713221149,0.707585543,0.709179327,0.706639103,0.704342842,0.711428602
476,0.713631859,0.705896639,0.708523289,0.713230893,0.712867281,0.707204944,0.70855267,0.70602279,0.702943762,0.711135216
477,0.713662,0.705228416,0.704859089,0.713102386,0.713110387,0.707696878,0.709493833,0.708249037,0.701775629,0.712327432
478,0.709666504,0.704361966,0.696023972,0.709737218,0.709682716,0.703396142,0.705292032,0.703735696,0.695498732,0.709652305
479,0.711893055,0.71075235,0.698431852,0.711634744,0.711661624,0.70856359,0.708353874,0.708609385,0.706067987,0.710595871
480,0.71388177,0.710265373,0.709143003,0.713403798,0.713499676,0.707812156,0.710464899,0.711025831,0.708696599,0.711345953
481,0.713324869,0.711367251,0.709965559,0.713152029,0.713283187,0.711109662,0.712137004,0.711681023,0.710360119,0.712704518
482,0.713998924,0.711890959,0.710375971,0.713183522,0.713585518,0.712109046,0.712960257,0.712369338,0.71177287,0.713565655
483,0.713646857,0.710340344,0.712430308,0.71367561,0.713729843,0.712790252,0.712715115,0.712813591,0.712366017,0.713814709
484,0.713179027,0.710691675,0.712258527,0.713556884,0.713145046,0.710452736,0.711196789,0.710773914,0.710330116,0.712282989
485,0.713264293,0.711484293,0.708565591,0.712886528,0.71303432,0.707989996,0.709971359,0.709950642,0.709624553,0.71179793
486,0.714053229,0.711230495,0.698869997,0.713479387,0.713891609,0.709496458,0.711720701,0.711800243,0.707584992,0.713859612
487,0.713250126,0.712564858,0.694238278,0.712961409,0.712838173,0.712234449,0.711571137,0.712716343,0.708833739,0.713242773
488,0.711481478,0.710557485,0.698302403,0.71220319,0.71158075,0.709510271,0.708736076,0.708409237,0.70458603,0.710840325
489,0.713375097,0.709353057,0.703920554,0.713134334,0.712470501,0.709881946,0.710359258,0.710274734,0.705506208,0.712989737
490,0.713523342,0.709743388,0.704627118,0.713411154,0.713425552,0.710036173,0.710371036,0.710085255,0.707072317,0.712719377
491,0.712933667,0.708539672,0.705723642,0.713203256,0.713089763,0.708291145,0.708697825,0.708496807,0.70534924,0.712623161
492,0.71101569,0.70715122,0.705690952,0.711322138,0.710790095,0.706755905,0.705100358,0.70764936,0.703875636,0.711105611
493,0.71173198,0.706778876,0.704021673,0.710804452,0.710912904,0.706019391,0.702693454,0.708583525,0.702745044,0.710972459
494,0.711581906,0.70521892,0.701384163,0.710921288,0.710043168,0.705271647,0.700853946,0.705154969,0.702839106,0.711939469
495,0.710589783,0.707111481,0.7007004,0.71156873,0.707405414,0.704381584,0.701243182,0.703323832,0.702217655,0.711192495
496,0.711509005,0.709595823,0.701901687,0.710501177,0.709273578,0.703507654,0.700548015,0.705877908,0.702895803,0.710360194
497,0.712960376,0.710454719,0.698106525,0.711642241,0.710173783,0.704691296,0.702244351,0.704943365,0.701945953,0.710659802
498,0.670875077,0.659984807,0.669212236,0.687913342,0.673977751,0.663687078,0.658387685,0.660617994,0.667035834,0.685738286
499,0.70844905,0.680134446,0.688948819,0.699558907,0.69442607,0.666771633,0.66593728,0.669045717,0.687095876,0.68873655
500,0.709785248,0.674205465,0.690068536,0.706044425,0.692311962,0.685912827,0.667508756,0.683666128,0.688122301,0.691775932
501,0.710602114,0.679939065,0.69292164,0.706914978,0.705571392,0.683710163,0.685125837,0.688787076,0.698420452,0.698087861
502,0.711875961,0.676337299,0.692315602,0.70538377,0.707985849,0.694309649,0.69460431,0.691189881,0.700896522,0.708160394
503,0.713691893,0.699934853,0.697630945,0.710989835,0.710446076,0.69850331,0.697895133,0.695765835,0.703345832,0.712027726
504,0.71387213,0.695984082,0.70379892,0.711724636,0.711337435,0.70869568,0.706609279,0.699792737,0.705731798,0.713334542
505,0.713735525,0.694827815,0.70650521,0.712181086,0.708002235,0.710060749,0.708481318,0.700927224,0.707261428,0.713524684
506,0.712182764,0.694844189,0.705955182,0.71177716,0.709488203,0.703920605,0.706586965,0.701942065,0.699782412,0.709324057
507,0.713571121,0.700516921,0.704709764,0.712720728,0.712388124,0.708283527,0.708375998,0.705687341,0.706751939,0.712159623
508,0.712448983,0.698463119,0.70751561,0.710484303,0.710482636,0.706817445,0.705985319,0.708308019,0.706766453,0.710323605
509,0.712345709,0.699845671,0.709562888,0.71062827,0.711305333,0.707863457,0.706493289,0.70843927,0.705368354,0.71028408
510,0.712023229,0.685170088,0.710158107,0.710895848,0.710077734,0.706909818,0.706160112,0.708604039,0.704200704,0.71116049
511,0.713919388,0.695836606,0.710509562,0.712629622,0.711751827,0.708034342,0.707552896,0.708443755,0.705213678,0.712805053
512,0.712546829,0.699022793,0.706156708,0.710547775,0.708966935,0.706424532,0.704905153,0.702463846,0.706164027,0.7112496
513,0.712395898,0.694923812,0.706956515,0.710107233,0.709254048,0.705901109,0.701508631,0.698831167,0.705870489,0.711378151
514,0.712059619,0.698016439,0.702152182,0.709879412,0.706626585,0.705909767,0.701208089,0.699520599,0.705641485,0.710705434
515,0.712560911,0.688659177,0.704660098,0.711942098,0.707398989,0.708746016,0.706294047,0.70502167,0.709480598,0.712095663
516,0.712181354,0.691613745,0.702461331,0.710746623,0.71023847,0.708493076,0.706842914,0.706207083,0.709522711,0.711603819
517,0.712369994,0.700610918,0.701014963,0.711750178,0.710999161,0.709352318,0.706573871,0.706536934,0.709853798,0.710977632
518,0.711651592,0.688710081,0.702826828,0.711773126,0.71062368,0.71014525,0.707451758,0.708106396,0.70819931,0.709871225
519,0.709945193,0.697111162,0.706564794,0.711772622,0.70881233,0.709461972,0.705712953,0.707886621,0.707181523,0.711445589
520,0.712532783,0.66504169,0.708698966,0.712516849,0.710793068,0.709060347,0.706570768,0.70727015,0.707856268,0.712012648
521,0.713791347,0.706816972,0.710546585,0.713681798,0.713376679,0.711280102,0.711866489,0.711439916,0.710027958,0.713363926
522,0.711965841,0.701519249,0.710791631,0.713586755,0.711854047,0.711274149,0.712078486,0.71075194,0.709777285,0.712829037
523,0.711769941,0.703340062,0.709754954,0.712908467,0.711891631,0.711338625,0.711109419,0.710422743,0.708542633,0.711394791
524,0.713576504,0.705775248,0.708586626,0.71269361,0.712861491,0.711748724,0.711295604,0.710279545,0.709552741,0.712762587
525,0.713757758,0.707931559,0.708737095,0.71295963,0.713549875,0.712220542,0.711779795,0.710841839,0.710155239,0.713807936
526,0.714030452,0.708319759,0.709917933,0.713693246,0.714081451,0.713578225,0.713102263,0.712863666,0.712585121,0.71401418
527,0.714170767,0.708887045,0.711569818,0.713927239,0.713970856,0.713597126,0.713391396,0.713747718,0.7129333,0.714060078
528,0.714273095,0.710834085,0.712270362,0.713983301,0.714236319,0.713820735,0.7135801,0.713713657,0.713438131,0.714243809
529,0.714285714,0.709845562,0.713265053,0.714247249,0.714211101,0.714149903,0.713950613,0.71368847,0.713850778,0.714268473
530,0.71426744,0.708964065,0.712817007,0.714076755,0.714172758,0.713778834,0.713660525,0.712936528,0.713756738,0.714012135
531,0.714218376,0.713467355,0.713286394,0.714026529,0.714109758,0.713853851,0.713712267,0.71353616,0.713917776,0.714001466
532,0.71421547,0.709809697,0.714154351,0.713488296,0.713810496,0.71379429,0.713254781,0.71360568,0.713486385,0.714147862
533,0.714176632,0.713363631,0.713667974,0.713985485,0.713875105,0.714002944,0.713563806,0.713853735,0.713708784,0.71417088
534,0.713727757,0.706776761,0.712241696,0.712158254,0.712235278,0.711251268,0.710497816,0.710541207,0.710633519,0.712463647
535,0.714033581,0.709064869,0.710927506,0.713320854,0.713327155,0.712073612,0.710669634,0.710330763,0.70872469,0.713646511
536,0.71277519,0.707295328,0.70498596,0.711855684,0.710074301,0.709197313,0.705702396,0.704411096,0.705726509,0.711292182
537,0.711840878,0.707990035,0.702759925,0.711211874,0.710785466,0.709307109,0.705656484,0.705185737,0.704299644,0.710387148
538,0.713412925,0.709102531,0.704714379,0.712206281,0.711419178,0.71135055,0.70622528,0.709724313,0.707927798,0.711390155
539,0.714218036,0.713127353,0.70832755,0.714175344,0.713610535,0.713612394,0.711933016,0.711729789,0.71123419,0.713724968
540,0.714222308,0.713749494,0.711034717,0.714180864,0.714120131,0.714114508,0.713160788,0.713180375,0.713574141,0.714195144
541,0.714014325,0.712675745,0.711322059,0.713602068,0.713625712,0.713645103,0.711473162,0.708737777,0.713162972,0.713881387
542,0.714243419,0.711434622,0.713801598,0.713964459,0.713969555,0.714156839,0.712006799,0.706812022,0.712592126,0.714199745
543,0.712953704,0.712373952,0.71161917,0.712810158,0.712504142,0.710122295,0.709018045,0.706441613,0.711001059,0.711148751
544,0.713912865,0.710243594,0.71276114,0.713720282,0.713776376,0.712110035,0.709067038,0.700877801,0.711607047,0.71356403
545,0.714003102,0.712635088,0.710844734,0.713976952,0.713795586,0.712483786,0.712334378,0.697181356,0.713514999,0.713987022
546,0.761877792,0.76128091,0.761445795,0.761886268,0.761880252,0.761737262,0.761524747,0.760534894,0.761444322,0.761843974
547,0.76180621,0.761091349,0.760271791,0.761754065,0.761741001,0.761694813,0.761485661,0.760807269,0.761389606,0.761749116
548,0.76190446,0.761270968,0.759730109,0.761893581,0.761849463,0.761882151,0.76176624,0.759084044,0.761720597,0.761875057
549,0.761472662,0.761538634,0.760364479,0.761207597,0.761098647,0.76013894,0.7606145,0.758844088,0.760693845,0.7609643
550,0.761752388,0.761147941,0.761014344,0.76160316,0.761583529,0.760936583,0.761104994,0.761034737,0.76003174,0.761449519
551,0.688756372,0.695873839,0.693682929,0.702536133,0.705907992,0.673659814,0.692524529,0.697413984,0.691362458,0.680952306
552,0.713936849,0.697566257,0.712358554,0.713052645,0.713680442,0.699915924,0.7086282,0.71201109,0.695863682,0.703958626
553,0.712505884,0.704011714,0.711787239,0.711419866,0.712412611,0.708222856,0.708070631,0.711561053,0.694718272,0.711190435
554,0.700342495,0.696659139,0.705808019,0.694661306,0.695305128,0.687083494,0.686680816,0.670125494,0.689340632,0.693490204
555,0.702352139,0.683756884,0.709551267,0.699179939,0.69382644,0.696664869,0.694150836,0.670132267,0.697600137,0.68962773
556,0.69846412,0.699254555,0.711189178,0.701277245,0.696737666,0.700183408,0.693209619,0.671427468,0.696192749,0.695358631
557,0.705388229,0.703675704,0.709646187,0.705965894,0.703318782,0.691108126,0.687048957,0.673518469,0.704959681,0.696300686
558,0.705051606,0.690654595,0.706194289,0.696544597,0.698767843,0.683423622,0.678566188,0.673666164,0.688680239,0.690684749
559,0.748228879,0.67094896,0.735950477,0.743902279,0.748170004,0.716170166,0.724133461,0.737532568,0.734172681,0.723847965
560,0.712053533,0.707192828,0.711475094,0.712287439,0.71165082,0.710064823,0.710063584,0.708148405,0.709440842,0.710681358
561,0.711227526,0.704567802,0.709564697,0.711142959,0.711276015,0.709800679,0.705377556,0.7050459,0.709418234,0.711029256
562,0.712926942,0.712390861,0.71162747,0.712791353,0.712990054,0.712118234,0.708527834,0.708883557,0.712321853,0.712879307
563,0.713820557,0.7122704,0.709323692,0.71351439,0.712681956,0.709037221,0.707563509,0.711568824,0.709318463,0.712551702
564,0.680968926,0.683767091,0.676529,0.679868178,0.647705876,0.668014374,0.6638288,0.670184781,0.670712678,0.664977402
565,0.703081605,0.695580244,0.68925527,0.693717956,0.696620122,0.672863758,0.67320852,0.681321816,0.66550523,0.680268124
566,0.70934295,0.711357744,0.701159557,0.708522369,0.709096674,0.700982081,0.701212948,0.706145108,0.705039183,0.706969894
567,0.710276693,0.70744676,0.70491911,0.707392536,0.705433254,0.697279253,0.69285903,0.693661924,0.702663121,0.700772402
568,0.711841327,0.708886976,0.703888978,0.710593225,0.711553087,0.707186362,0.703873181,0.707117794,0.70925549,0.710185533
569,0.713124045,0.709546959,0.708203347,0.711213509,0.711445971,0.711030838,0.708780016,0.710409005,0.711189049,0.712571276
570,0.711035682,0.706492084,0.709080921,0.708075661,0.705666415,0.7046453,0.701796542,0.700555297,0.706675651,0.706469192
571,0.707132653,0.696368453,0.706380287,0.706720636,0.706418309,0.697052021,0.69526777,0.690262089,0.701092919,0.701223087
572,0.705064904,0.703996276,0.697623912,0.702117531,0.700897879,0.693213631,0.688631592,0.68689577,0.695909841,0.7016534
573,0.706496775,0.708907393,0.703235989,0.706053658,0.704803527,0.704175872,0.696160081,0.690976806,0.697708906,0.707881645
574,0.757440642,0.759589748,0.756678446,0.759081818,0.75893063,0.756657748,0.755761407,0.752748847,0.754730556,0.758234997
575,0.709168005,0.712164411,0.710541482,0.708354799,0.70946588,0.708412885,0.701547703,0.687080752,0.710388188,0.711271634
576,0.709431494,0.711014223,0.705008956,0.70998832,0.711304028,0.706637614,0.704500148,0.689007687,0.709238066,0.70868159
577,0.761190542,0.7603526,0.760715763,0.76101963,0.761079541,0.760295766,0.759270416,0.755555159,0.760800891,0.761169327
578,0.760204288,0.760466884,0.755801986,0.759206073,0.759098765,0.758065044,0.756766994,0.754072552,0.756838231,0.759229237
579,0.760157647,0.761449457,0.756429601,0.759913832,0.759728231,0.759964499,0.758002585,0.757081602,0.759788979,0.759868986
580,0.761786105,0.761805431,0.761503489,0.761566247,0.761591599,0.761523501,0.761405925,0.76151388,0.761628526,0.761673121
581,0.857142857,0.857142857,0.857142857,0.857142857,0.857142857,0.857142857,0.857142857,0.857142857,0.857142857,0.857142857
