,LB,BOLE,MOOB,ARF,ARFre,SS-LB,FU-ARF,SS-ARFre,OALE,CALMID
0,0.872850412,0.907043357,0.870581146,0.749663308,0.746965134,0.870516308,0.756874527,0.745477795,0.903989253,0.866621768
1,0.936852429,0.961143015,0.93333561,0.950825411,0.895287711,0.933884806,0.817596806,0.796007961,0.945959896,0.921935712
2,0.916283731,0.969336601,0.922587926,0.985983324,0.979788384,0.92983133,0.81285303,0.776342223,0.950572933,0.917091444
3,0.951060463,0.968425146,0.933036017,0.987584214,0.986509794,0.933941032,0.898928382,0.739212989,0.944228877,0.923206032
4,0.986232064,0.967167203,0.941951505,0.994011437,0.990596993,0.940982403,0.947614666,0.843485857,0.950110914,0.933771742
5,0.985967694,0.966184892,0.927245525,0.995376333,0.993631665,0.929352044,0.963262682,0.937712649,0.938161249,0.936580504
6,0.988584327,0.963097091,0.926612786,0.995845236,0.994591806,0.929046031,0.961865913,0.953145203,0.938409331,0.934521466
7,0.996276901,0.971679998,0.940826336,0.998447344,0.997936973,0.94431071,0.984660058,0.974042046,0.946512488,0.948019832
8,0.996828512,0.972864246,0.943430971,0.998982912,0.998988968,0.943249493,0.985015787,0.977876945,0.944335938,0.830342677
9,0.993274711,0.962492982,0.927102588,0.997896162,0.994129872,0.93037497,0.982044584,0.974463914,0.935442181,0.943902384
10,0.994799203,0.971946394,0.930974283,0.999264352,0.997527505,0.943213469,0.984533566,0.979793789,0.949304867,0.978471883
11,0.996858944,0.972043817,0.945418016,0.998493226,0.997459491,0.948100375,0.989797756,0.983372572,0.947610716,0.990286285
12,0.998995505,0.97442061,0.948731142,0.998919148,0.999560262,0.907362504,0.991801217,0.988551657,0.956254657,0.996317349
13,0.995905176,0.972074262,0.982105051,0.998540472,0.997161506,0.894837775,0.991641927,0.988705085,0.947140897,0.995658551
14,0.996220885,0.968305801,0.991049821,0.998278453,0.992831995,0.958152781,0.990517689,0.987999959,0.948216609,0.995942817
15,0.994241653,0.968414914,0.992815147,0.997454421,0.999041478,0.975779022,0.994784428,0.992046638,0.966523394,0.996999159
16,0.995673142,0.969923855,0.990308368,0.998793297,0.998553998,0.98177649,0.992392266,0.991585197,0.974452351,0.998067845
17,0.998676911,0.980214478,0.98821456,0.999174778,0.999278391,0.988256887,0.995027913,0.9943662,0.978474006,0.998636392
18,0.998870413,0.984858364,0.994147323,0.994663724,0.995594068,0.989588913,0.993952954,0.992818355,0.97939517,0.998009502
19,0.994244221,0.990379869,0.995956869,0.99697936,0.997789519,0.991025396,0.992533376,0.990310866,0.983293251,0.997038221
20,0.995397815,0.988574015,0.992861161,0.998762431,0.998263203,0.989838674,0.995852455,0.994853306,0.980989804,0.996894768
21,0.991965088,0.990603894,0.994041473,0.997368025,0.992546145,0.990427055,0.984090735,0.985326497,0.981041189,0.995685388
22,0.997728588,0.995706226,0.997372113,0.999385432,0.998034933,0.995442954,0.994858426,0.994927131,0.984565286,0.999360195
23,0.998761804,0.994935273,0.995522035,0.99912314,0.998360438,0.993723856,0.997322983,0.996213585,0.986992669,0.999134228
24,0.997578355,0.997341383,0.994725937,0.999485464,0.997667917,0.993400305,0.996609983,0.995735681,0.985598036,0.998770531
25,0.997987176,0.996500783,0.995473856,0.999275,0.999116558,0.9942063,0.99707631,0.99588869,0.986788417,0.998949541
26,0.992615556,0.994443834,0.995036412,0.999494031,0.999054949,0.993779787,0.998167076,0.997868839,0.988027799,0.999087352
27,0.996965091,0.994086862,0.995247767,0.996570082,0.997135414,0.988968711,0.994852381,0.993589281,0.981803105,0.998721039
28,0.99789333,0.995113695,0.995289142,0.998873741,0.998910515,0.995296338,0.996526245,0.994726046,0.984748221,0.997943136
29,0.997626456,0.994098265,0.995068374,0.996796414,0.997555607,0.99309246,0.996191538,0.994704254,0.987057435,0.996985622
30,0.996390438,0.992067131,0.99737839,0.992728294,0.997474423,0.991489601,0.992617631,0.991296622,0.985205956,0.996514868
31,0.997551864,0.997772929,0.995419517,0.999760173,0.998192434,0.993895869,0.997481831,0.997391009,0.989297772,0.999649655
32,0.999016084,0.996655633,0.996259869,0.999249569,0.998404074,0.995079909,0.99752101,0.997053494,0.986769619,0.999648406
33,0.998288809,0.997340009,0.997323617,0.999325436,0.998994438,0.994645515,0.996212419,0.994408845,0.985365185,0.99856997
34,0.998464431,0.992976695,0.992578058,0.996444337,0.999399205,0.993398518,0.996443392,0.995702074,0.98142075,0.997449836
35,0.993267074,0.997560548,0.995273646,0.995740408,0.998193522,0.992607561,0.996420054,0.995694781,0.981941344,0.998682782
36,0.999051556,0.998422759,0.998335196,0.999778739,0.999388773,0.995624256,0.998996458,0.998642369,0.990232744,0.999647349
37,0.998921959,0.997403386,0.995124604,0.999456162,0.999427825,0.993790112,0.998623858,0.998167866,0.987703896,0.999324316
38,0.999422979,0.997925786,0.998421417,0.999261427,0.999303997,0.996335196,0.998276543,0.998725977,0.991413338,0.999358395
39,0.992462819,0.994703687,0.992949544,0.998608473,0.999130707,0.99147023,0.996437222,0.995422645,0.983120952,0.997490295
40,0.998465097,0.996406138,0.998048666,0.999475269,0.995503671,0.994241688,0.997301658,0.995452494,0.988571614,0.998873114
41,0.999457396,0.998269127,0.998791803,0.999788976,0.999636622,0.997245261,0.999224524,0.99882094,0.992505666,0.999808208
42,0.996217304,0.997777428,0.996968788,0.999214006,0.999301045,0.995311835,0.998430623,0.997968846,0.983844696,0.999558012
43,0.999258156,0.998502234,0.996312038,0.999426215,0.999375276,0.996471065,0.998399554,0.997954703,0.983293639,0.99945788
44,0.996824694,0.997946009,0.998474614,0.998663228,0.999337465,0.996792199,0.999279431,0.998749743,0.987553221,0.999388229
45,0.998095437,0.993861575,0.994086533,0.998936382,0.999333229,0.995119859,0.998516439,0.997838981,0.985167149,0.999324766
46,0.999046178,0.997114409,0.996503341,0.999258184,0.999670953,0.994709019,0.998104906,0.997586473,0.98746255,0.998578196
47,0.997934751,0.997442013,0.997612887,0.999111215,0.99850774,0.99513424,0.997698477,0.997668721,0.984779517,0.999389878
48,0.998688344,0.996874671,0.999031768,0.999605973,0.99916421,0.994985356,0.998565214,0.998628626,0.98986209,0.99919379
49,0.995816321,0.9962793,0.995443039,0.995864643,0.999275611,0.994829904,0.997479039,0.997007871,0.986300896,0.997781039
50,0.997501565,0.99754584,0.996343957,0.999138415,0.998757259,0.995097015,0.997133781,0.997896174,0.986048587,0.997673522
51,0.999148819,0.998573838,0.99877743,0.999568492,0.996031227,0.996310908,0.99603724,0.995137246,0.988920211,0.999639824
52,0.999285831,0.9991038,0.997371464,0.999298326,0.999648515,0.997092002,0.998295953,0.997794865,0.988721876,0.999578762
53,0.998551173,0.998173079,0.994178613,0.999557522,0.999247386,0.995141851,0.997543488,0.997510774,0.987744611,0.998679657
54,0.99923653,0.998109305,0.999596138,0.999533813,0.999900324,0.996517712,0.999437894,0.998868111,0.988586273,0.999785509
55,0.999318318,0.998307409,0.999127458,0.999455949,0.998835527,0.996945159,0.997774647,0.998600322,0.989998994,0.999549996
56,0.999510084,0.999179515,0.999257556,0.999669655,0.999164499,0.997172175,0.999149509,0.998832648,0.9932337,0.999844826
57,0.994362999,0.995416127,0.994211913,0.998536341,0.994824613,0.991901797,0.994765442,0.993456385,0.982017038,0.997597097
58,0.999415721,0.998002112,0.99927699,0.999387359,0.999677504,0.996370397,0.997813625,0.997940843,0.985523437,0.998855731
59,0.998864815,0.997093674,0.99932668,0.999577558,0.999241499,0.99558987,0.999199679,0.998524134,0.988664495,0.999445548
60,0.995716372,0.998936216,0.99934653,0.998757776,0.999259177,0.993423615,0.997692632,0.998182342,0.98620381,0.998649497
61,0.998323298,0.999120957,0.999144233,0.999607596,0.999523728,0.995799853,0.999038767,0.998761376,0.990371208,0.999525862
62,0.999074657,0.99923967,0.999580873,0.999760945,0.999548963,0.996900399,0.999217466,0.997709875,0.993111685,0.999419138
63,0.999359562,0.998878913,0.999112514,0.999577918,0.999344081,0.997895612,0.998911007,0.998372783,0.989801127,0.999152727
64,0.99675006,0.996615372,0.999189003,0.999635612,0.999520183,0.997403936,0.999288014,0.999334442,0.987654893,0.999337584
65,0.998239417,0.997525598,0.999082384,0.999876462,0.999651257,0.996439315,0.999639291,0.999330499,0.992253889,0.999648698
66,0.999393784,0.999179994,0.999275518,0.999309566,0.999597527,0.99585995,0.999006591,0.998860078,0.986918705,0.999555169
67,0.99888244,0.998716948,0.999427719,0.999864836,0.99981026,0.998287661,0.999554645,0.998930481,0.991789924,0.99973452
68,0.997758102,0.99854532,0.998249502,0.999529449,0.999329981,0.996324594,0.998327191,0.998582068,0.988626809,0.99890835
69,0.999614432,0.9993158,0.999664393,0.999687254,0.999723266,0.997263644,0.99690225,0.996081737,0.990304779,0.998858567
70,0.998848075,0.998155852,0.999484681,0.999699808,0.999802496,0.997736776,0.999026322,0.998632235,0.991343827,0.998750651
71,0.992739079,0.998032474,0.99872762,0.999599892,0.999340577,0.995756071,0.99920652,0.998936483,0.989861219,0.99956089
72,0.99850736,0.998172207,0.998953049,0.999153249,0.999364744,0.996794971,0.996872291,0.996641481,0.988868496,0.999596571
73,0.997976558,0.998777941,0.999579911,0.998751535,0.999652094,0.997538526,0.998325902,0.998798727,0.989777696,0.999730236
74,0.999722632,0.999356194,0.999472105,0.999823683,0.999798049,0.998830552,0.999753977,0.999501732,0.992692036,0.999878212
75,0.999437431,0.99786569,0.998999268,0.998931562,0.999503875,0.996735117,0.998614466,0.998850403,0.989386116,0.999404715
76,0.999574615,0.999019499,0.999524722,0.999566814,0.99964432,0.998560401,0.998790935,0.998445506,0.991337842,0.999805352
77,0.99600501,0.999021557,0.996764734,0.999056068,0.998066474,0.995332102,0.997783823,0.997563083,0.984352961,0.998890895
78,0.99945014,0.999440742,0.999194865,0.999715483,0.999701444,0.998532521,0.99941331,0.998150018,0.994473758,0.999688454
79,0.996141656,0.998397931,0.999329352,0.99932573,0.999547179,0.996962276,0.99855915,0.998656097,0.992751823,0.998955121
80,0.999305706,0.999139058,0.999695463,0.99990244,0.999774745,0.997225346,0.999171038,0.999479808,0.992802062,0.999894089
81,0.991767092,0.992432349,0.998226857,0.999130668,0.998877273,0.995250081,0.998337516,0.998094666,0.982305157,0.99867713
82,0.999103169,0.99926152,0.99930721,0.999771043,0.999584893,0.998577212,0.999605153,0.999260777,0.992151613,0.999792824
83,0.999731719,0.999835711,0.999355744,0.999853258,0.999728396,0.997862876,0.999411782,0.998962843,0.990954692,0.99970774
84,0.998943035,0.998887701,0.999284699,0.999706839,0.99965931,0.997848805,0.999302945,0.998999688,0.988278104,0.999480927
85,0.999221075,0.998880467,0.999388016,0.998428019,0.999376959,0.997352961,0.998475481,0.99813637,0.990071133,0.998865951
86,0.999612674,0.999339586,0.999508557,0.995327454,0.999681224,0.998784169,0.99760253,0.996990532,0.991840736,0.99885586
87,0.999574253,0.99922346,0.999688618,0.999664327,0.999810466,0.998581245,0.999614388,0.999214086,0.994115979,0.999786314
88,0.999772006,0.999900256,0.999643966,0.999903999,0.99952937,0.999401277,0.99948566,0.999200893,0.993913893,0.999771442
89,0.999398195,0.998769225,0.999443305,0.999591897,0.999096345,0.996530146,0.999223464,0.998820619,0.986076585,0.999357881
90,0.999490474,0.999731006,0.999410373,0.999789875,0.999751098,0.998676271,0.99942772,0.999338214,0.989792193,0.999700933
91,0.999177517,0.997162802,0.99969839,0.999666462,0.999316564,0.997026736,0.999544383,0.999274785,0.990395563,0.999809785
92,0.99974454,0.999682462,0.999667272,0.999808106,0.999700887,0.998117669,0.999777784,0.999611051,0.989781768,0.99987308
93,0.995927198,0.991846369,0.996206094,0.998208624,0.99766059,0.992210147,0.993247194,0.99716118,0.982406291,0.994684747
94,0.996876148,0.996403773,0.997746517,0.998167088,0.998128473,0.994792001,0.996858558,0.996394256,0.983935154,0.996645443
95,0.997289781,0.997657855,0.9976905,0.998131363,0.998061717,0.996284977,0.996925182,0.995870875,0.984258573,0.997441116
96,0.977435756,0.984371499,0.985895189,0.988573064,0.98960463,0.978579509,0.984239883,0.985124438,0.95695331,0.982230458
97,0.974689686,0.97950725,0.969171474,0.956817706,0.962171611,0.973059583,0.979589415,0.981155411,0.951525211,0.979247917
98,0.957862031,0.963452459,0.950461019,0.807780885,0.748156179,0.939866663,0.959900544,0.948117286,0.910454589,0.958947026
99,0.939742237,0.894858006,0.925963341,0.880826075,0.84630985,0.909523223,0.927757524,0.851399119,0.867972529,0.948974606
100,0.895611418,0.653823437,0.875980807,0.87767146,0.849403002,0.849421602,0.858262973,0.623678842,0.786897695,0.92541877
101,0.887146038,0.695837267,0.852907916,0.874450639,0.872760057,0.813572849,0.733450971,0.580768126,0.754351144,0.906881588
102,0.860659098,0.654328899,0.831127921,0.870519454,0.859671231,0.77717393,0.596353269,0.559137609,0.708254296,0.893433934
103,0.875701433,0.676510632,0.817080868,0.882514215,0.869698148,0.769839087,0.63903904,0.567230784,0.695315663,0.902981491
104,0.866100713,0.685435929,0.827877705,0.880627611,0.875421185,0.781215452,0.64452164,0.588590492,0.704125256,0.902362597
105,0.908885544,0.796312309,0.849890062,0.898653669,0.890490059,0.816388282,0.662060048,0.670459589,0.730708693,0.913312254
106,0.896037476,0.782169642,0.855370269,0.904541004,0.89747144,0.806476304,0.704803696,0.702078988,0.727679994,0.918715784
107,0.89518621,0.778266181,0.847422545,0.905262026,0.895276502,0.803560503,0.725598085,0.722370091,0.72851772,0.90334739
108,0.893152318,0.783159513,0.859340317,0.902243322,0.898394581,0.826957412,0.73895464,0.734515857,0.732527459,0.904304134
109,0.9206321,0.816887087,0.878245371,0.915974666,0.920911832,0.83833586,0.758495982,0.752437827,0.752535167,0.922477206
110,0.921167132,0.818640967,0.875631314,0.917663254,0.929067093,0.83532947,0.768984162,0.755941869,0.738173914,0.919646882
111,0.914339666,0.80011238,0.883250077,0.91354796,0.917334967,0.835884969,0.769582033,0.766109874,0.741675688,0.918023601
112,0.912199767,0.832770226,0.892251631,0.921481866,0.923532482,0.845808819,0.786017144,0.772143372,0.76083319,0.923559506
113,0.90524526,0.819639443,0.879740838,0.914071579,0.923068092,0.84445252,0.796905578,0.768854397,0.746398242,0.917977648
114,0.919858651,0.819490094,0.883124235,0.923605438,0.915535642,0.863600827,0.813169583,0.795038741,0.749178612,0.920529478
115,0.921130368,0.828931777,0.882138437,0.918986793,0.925920155,0.850206309,0.797873499,0.78024021,0.742699797,0.919656252
116,0.930435783,0.829905086,0.890363813,0.931640066,0.92505622,0.853387151,0.815966493,0.789366111,0.759878725,0.925710268
117,0.931526688,0.834551244,0.903412385,0.935449826,0.933479783,0.867746569,0.826231214,0.806267064,0.764501364,0.93252882
118,0.936932824,0.83628939,0.898189202,0.93856884,0.936211084,0.868538473,0.842002642,0.823186489,0.780457392,0.936165988
119,0.941025279,0.835254702,0.913731801,0.934760339,0.942665289,0.879426862,0.846947636,0.828269097,0.788808434,0.939398776
120,0.920443897,0.847977951,0.881661363,0.933909574,0.926026324,0.859700767,0.848602836,0.838383605,0.787906493,0.922756777
121,0.921070327,0.848589818,0.901352613,0.926951427,0.933515359,0.863039032,0.831585518,0.815480781,0.76013612,0.924834412
122,0.945454228,0.87006639,0.907035694,0.94721546,0.950083497,0.87097546,0.847850127,0.841496409,0.783175262,0.936217894
123,0.944438958,0.855484904,0.90472618,0.939682978,0.943134275,0.865702232,0.851956952,0.84231625,0.780861368,0.937936524
124,0.94935775,0.890231779,0.918005239,0.951441215,0.952913469,0.890371178,0.869355269,0.860194702,0.809034742,0.947853909
125,0.945238136,0.86088699,0.91184826,0.955347429,0.94863121,0.885149879,0.873004213,0.865607866,0.801691833,0.951944154
126,0.930096835,0.855481535,0.895485433,0.935216428,0.925073531,0.86993019,0.856608007,0.84499384,0.78011545,0.930890808
127,0.939408834,0.866856176,0.906250573,0.942632979,0.930532599,0.88468375,0.882469869,0.867512826,0.807351317,0.93983548
128,0.939349399,0.856244519,0.900610513,0.945977983,0.940758313,0.877658035,0.873606128,0.86023538,0.793128306,0.93479529
129,0.940262772,0.864842128,0.907864123,0.952763804,0.948693569,0.884695851,0.864294072,0.864217843,0.796059836,0.941811702
130,0.93574557,0.869825583,0.909588532,0.940369223,0.951411263,0.882719666,0.881355219,0.86520357,0.797131011,0.935940445
131,0.953575909,0.887302156,0.916317794,0.944596178,0.951028313,0.893262525,0.888694581,0.881766195,0.809903853,0.942301265
132,0.947238769,0.883078395,0.917270478,0.947139657,0.955757331,0.88967105,0.883128625,0.88107196,0.790826495,0.945609994
133,0.940972928,0.889801926,0.904990352,0.949984151,0.949744311,0.885907836,0.886097106,0.877991641,0.800946006,0.9414153
134,0.94430718,0.886218387,0.916359864,0.950866677,0.948073501,0.891056671,0.885895762,0.88197008,0.80968469,0.93925269
135,0.932618061,0.861801144,0.898590653,0.941605717,0.93994629,0.875889236,0.879545554,0.87598231,0.795766886,0.93046344
136,0.957144618,0.890477784,0.925159005,0.947709706,0.950222901,0.898259719,0.900179874,0.895268516,0.816972671,0.947109133
137,0.95415822,0.886093301,0.918674806,0.951563894,0.956120547,0.896800164,0.902352115,0.897854731,0.809240173,0.948795729
138,0.95212433,0.893735219,0.923011012,0.957334746,0.957444155,0.898203194,0.906172472,0.900244439,0.822911975,0.949651498
139,0.947855361,0.888824659,0.917249868,0.948957629,0.953079086,0.894851576,0.888456119,0.882875835,0.791974889,0.94485535
140,0.946358196,0.876522691,0.914279359,0.945340864,0.950900072,0.892642773,0.895452042,0.887715476,0.80197778,0.9445838
141,0.949898086,0.885430812,0.916398816,0.95622833,0.955840946,0.898767326,0.910340541,0.894187397,0.828276936,0.951686096
142,0.938480046,0.894862758,0.917303022,0.948652681,0.947962874,0.88600995,0.89198871,0.883602162,0.803907672,0.941460722
143,0.956831019,0.90987663,0.933902733,0.964860931,0.966183959,0.907030432,0.904181344,0.901590869,0.81389291,0.955641849
144,0.942809245,0.892618679,0.907499206,0.949570575,0.948276624,0.880020849,0.888841195,0.884593946,0.801377927,0.941730694
145,0.956247339,0.917652672,0.930326947,0.966114385,0.964590033,0.913091727,0.910076552,0.909020981,0.830137296,0.955834093
146,0.95123106,0.894511808,0.923484595,0.960993126,0.957848268,0.897978012,0.905817445,0.898410551,0.806303316,0.949598701
147,0.943344922,0.899004221,0.919091188,0.947029503,0.942038566,0.897913984,0.895917092,0.893171118,0.814808864,0.943091246
148,0.956417286,0.899926871,0.934984948,0.955816214,0.956978454,0.912312007,0.915795267,0.911719283,0.818628994,0.95323636
149,0.957456849,0.906403935,0.918988042,0.951873455,0.957202382,0.91006501,0.912341984,0.906817245,0.824356896,0.954293316
150,0.957946776,0.912787112,0.931434656,0.955775402,0.959274517,0.921179676,0.918793278,0.921855856,0.831292233,0.957617698
151,0.955008678,0.905623709,0.926191849,0.958630312,0.956776869,0.912496231,0.912577004,0.903995506,0.825002482,0.954059333
152,0.959675236,0.906508573,0.925986726,0.95985903,0.957144786,0.911016741,0.917378104,0.912261898,0.815106802,0.956893468
153,0.957113527,0.910112848,0.931748893,0.958759837,0.960409563,0.9122749,0.908981451,0.909375743,0.816196685,0.954422151
154,0.956594658,0.909008976,0.931760634,0.955881073,0.957270722,0.914849038,0.908503277,0.908340742,0.830180457,0.952729849
155,0.963866055,0.917655019,0.937711612,0.96548443,0.959643597,0.921054401,0.923194069,0.919336865,0.82376223,0.960022961
156,0.948225788,0.901658527,0.924599674,0.953021187,0.954133661,0.90785669,0.905331592,0.904229157,0.819603974,0.94418635
157,0.954104654,0.91430547,0.932804959,0.962831888,0.954568126,0.918461648,0.914397368,0.914072569,0.83366918,0.958816711
158,0.945927189,0.891877402,0.918941817,0.949790169,0.944738645,0.904286051,0.898971812,0.893381554,0.80161979,0.94068568
159,0.956591001,0.920443335,0.930733787,0.961191052,0.959809758,0.919647723,0.914840103,0.911161394,0.824629247,0.955215516
160,0.952686556,0.894204754,0.918423147,0.951402916,0.954859973,0.912497031,0.909267093,0.904523485,0.81997454,0.945003287
161,0.956016176,0.913999049,0.928135832,0.960345508,0.962973068,0.919486452,0.918625119,0.912869946,0.833713044,0.950601821
162,0.957956041,0.917998241,0.93249559,0.961384283,0.958741173,0.924554494,0.92188012,0.919608346,0.822001995,0.95731434
163,0.955054485,0.902284043,0.918226218,0.956008676,0.954649558,0.913747439,0.908129141,0.904159883,0.813207242,0.951156865
164,0.961456531,0.915643681,0.928515037,0.96488432,0.96415366,0.929550847,0.926263594,0.923266189,0.839532175,0.959081431
165,0.960850699,0.918802707,0.933306352,0.955133453,0.956692083,0.929998389,0.922195629,0.920148475,0.841269535,0.957595151
166,0.965445775,0.916425875,0.92882883,0.964559293,0.962565187,0.928820666,0.926486928,0.921859204,0.830302047,0.955692031
167,0.966509474,0.926326676,0.936516601,0.962069334,0.964589676,0.93000467,0.927182291,0.927314207,0.8384461,0.963012838
168,0.956361334,0.922042203,0.925618044,0.954582657,0.960651108,0.925780512,0.922800438,0.922370154,0.836940762,0.955346145
169,0.958439044,0.909649633,0.931549304,0.946625999,0.948566147,0.922930664,0.917386345,0.914038096,0.831279584,0.946497841
170,0.961938866,0.911226996,0.935029852,0.954171886,0.955446599,0.924726999,0.923376948,0.917898352,0.837824131,0.952896754
171,0.961497424,0.91330393,0.920399307,0.964753837,0.962608945,0.928206411,0.927894449,0.919581264,0.830933769,0.957215479
172,0.961884131,0.92968459,0.931114708,0.962828002,0.961603848,0.930724707,0.929007914,0.928693268,0.828873269,0.956440886
173,0.96222321,0.913836919,0.931410084,0.957244234,0.956112352,0.92505626,0.91796075,0.912185742,0.823863571,0.95739815
174,0.965509493,0.921732289,0.933139844,0.968316386,0.965181204,0.93198625,0.93006189,0.92852575,0.836523379,0.963091451
175,0.962704455,0.923192005,0.934464744,0.963380002,0.9595418,0.929974168,0.928585559,0.92382392,0.844989963,0.960366573
176,0.964253282,0.922075328,0.931886105,0.963711201,0.957215701,0.928610802,0.928772031,0.925005654,0.844846453,0.961160208
177,0.956262524,0.917085769,0.928791315,0.960518485,0.961052445,0.920108228,0.918489698,0.919860992,0.834476206,0.954459075
178,0.961353487,0.916872119,0.940998303,0.956541824,0.964611522,0.924404374,0.921141947,0.917754829,0.820702081,0.955027566
179,0.967691198,0.925721107,0.942163003,0.965778682,0.967947152,0.93257055,0.931535305,0.928535136,0.834138261,0.964914988
180,0.956274179,0.920813031,0.935506425,0.955910665,0.958812526,0.927815422,0.923993332,0.918702808,0.833928088,0.955637971
181,0.96385047,0.928857697,0.937228293,0.968231946,0.966729165,0.934633067,0.9362695,0.932642665,0.841546292,0.961693276
182,0.962627219,0.925625315,0.934840891,0.959925883,0.960041891,0.927298626,0.927390471,0.924740088,0.826273907,0.958127781
183,0.964524731,0.926608953,0.936490951,0.964985281,0.970677579,0.935818708,0.934016735,0.93259032,0.844783411,0.966291728
184,0.970570457,0.933293421,0.944693933,0.966872759,0.963094241,0.93897706,0.936118477,0.93382144,0.845568041,0.960485865
185,0.964346269,0.917935893,0.929687003,0.958986328,0.961731818,0.925246872,0.926525138,0.918976094,0.82143665,0.956899516
186,0.966746299,0.927635373,0.935580949,0.961786695,0.965698999,0.934783091,0.933397323,0.929671754,0.85156261,0.965308565
187,0.959410157,0.924358426,0.929523759,0.962052364,0.962765361,0.929211493,0.92719761,0.922185548,0.826917771,0.959444113
188,0.968794295,0.930253699,0.940576206,0.961196917,0.964026233,0.933153023,0.932906043,0.929940098,0.833393613,0.964372891
189,0.973187867,0.933455659,0.940913087,0.967289911,0.965308237,0.937551869,0.937829045,0.935053841,0.851908529,0.963265604
190,0.963382195,0.925890866,0.936605423,0.965598254,0.963821754,0.933888651,0.935901742,0.929353321,0.848834374,0.962324055
191,0.956601871,0.917909057,0.929878839,0.95903764,0.961379484,0.924790065,0.925524294,0.924121753,0.833287942,0.954989533
192,0.976840817,0.927851655,0.948261489,0.968839675,0.970152103,0.939478886,0.941313415,0.938166451,0.850316199,0.967197746
193,0.954301437,0.910333277,0.920200464,0.957747571,0.9614474,0.92358429,0.927753419,0.922035279,0.819311158,0.951316641
194,0.965090712,0.930723597,0.936721907,0.967576642,0.969975112,0.936993573,0.936909832,0.931969813,0.831991291,0.962044489
195,0.966582618,0.91864817,0.934159416,0.963350609,0.962383907,0.934400747,0.935673944,0.934455669,0.847548124,0.961898632
196,0.974489817,0.934239183,0.938997609,0.971385846,0.9682623,0.937859827,0.941082028,0.937034749,0.841948489,0.966374306
197,0.962953781,0.918729652,0.931298324,0.96724531,0.964729511,0.933092555,0.935303174,0.935459159,0.845794027,0.962166771
198,0.967632787,0.936471217,0.94319583,0.9673785,0.969322472,0.940617572,0.942708389,0.94024479,0.839293622,0.96879187
199,0.96127231,0.913187745,0.923822882,0.954228143,0.958987946,0.927582838,0.926006113,0.925110229,0.83156379,0.954953746
200,0.737675641,0.602161205,0.609452999,0.581659587,0.612049973,0.567239133,0.573737219,0.551295595,0.655261871,0.581541184
201,0.741203846,0.752951891,0.590694352,0.678180924,0.686960987,0.667038095,0.567920517,0.578692583,0.688950531,0.660898945
202,0.775487245,0.787473604,0.566643801,0.740878581,0.757751126,0.703871455,0.524346327,0.531644645,0.698679152,0.70794685
203,0.831169824,0.812145721,0.60666211,0.770973154,0.799453109,0.764471855,0.515379355,0.531034947,0.747492511,0.755727575
204,0.855679657,0.797653735,0.582991538,0.76108084,0.76551479,0.75755909,0.518258443,0.527864137,0.745877832,0.771636262
205,0.901898341,0.804545595,0.608234427,0.795398985,0.788711868,0.774789312,0.607755725,0.533411161,0.761052522,0.817960241
206,0.917947126,0.839755312,0.678787465,0.84248226,0.852904086,0.814029434,0.739170141,0.57671111,0.816291963,0.866841051
207,0.922720298,0.857008713,0.704132645,0.856439625,0.870422394,0.821134319,0.773837924,0.696250598,0.817664793,0.889482428
208,0.932045408,0.874433435,0.728633845,0.890151483,0.872790862,0.833841743,0.823020886,0.769267509,0.831668065,0.901560551
209,0.952935602,0.909866018,0.773809499,0.90916675,0.909620924,0.866983413,0.844496842,0.810881983,0.858142448,0.922421773
210,0.955140556,0.927113658,0.794320557,0.918275119,0.925190244,0.894220442,0.882904092,0.854393234,0.881411894,0.939215636
211,0.964207345,0.935333287,0.817401236,0.937482086,0.936582048,0.912567146,0.903299429,0.87255116,0.888646329,0.950250592
212,0.965676465,0.944253167,0.844651407,0.945537279,0.941112824,0.927829836,0.904337574,0.888208878,0.893512131,0.959398421
213,0.968105528,0.951013832,0.862091973,0.953784216,0.949576168,0.935390475,0.913720752,0.889426968,0.893203071,0.962012531
214,0.975159559,0.963538132,0.877063332,0.95960604,0.960309414,0.944161791,0.928374974,0.91275669,0.916848734,0.971413952
215,0.977308855,0.957733596,0.882528882,0.958432221,0.951187097,0.944745853,0.923140878,0.912896951,0.913332382,0.971061568
216,0.972882191,0.94668344,0.89030618,0.954037212,0.950687312,0.937905396,0.921526855,0.910377061,0.905382708,0.969377599
217,0.967125593,0.951122919,0.875671276,0.945050614,0.95590257,0.937807176,0.92235293,0.914789346,0.904189989,0.964191443
218,0.978335696,0.956145447,0.89190397,0.958924097,0.95404856,0.945276329,0.927309246,0.916324317,0.911287699,0.973546419
219,0.97765,0.956908911,0.898022848,0.957831575,0.957340167,0.947229453,0.920336175,0.910552112,0.905116479,0.972995764
220,0.97825736,0.955267799,0.900111212,0.964095203,0.967266634,0.944454559,0.929490375,0.92868171,0.91843005,0.971699242
221,0.976572259,0.950155898,0.902715303,0.961315694,0.963338376,0.939861044,0.92351867,0.917065618,0.904176313,0.971541791
222,0.979493029,0.954764778,0.915228932,0.960323889,0.954427781,0.94533108,0.92598229,0.921232883,0.904018615,0.974406722
223,0.974335974,0.953814102,0.922119451,0.957955283,0.964119599,0.94358794,0.925831216,0.919321268,0.905377287,0.971951729
224,0.976813152,0.942784128,0.920212928,0.964482129,0.958876701,0.936598501,0.920357469,0.922237888,0.907988478,0.969903334
225,0.979378658,0.958262547,0.936080283,0.966921713,0.972598639,0.948276751,0.937771362,0.933100281,0.919033404,0.975342064
226,0.980928384,0.961404797,0.942789671,0.973167622,0.972020294,0.952440487,0.943334866,0.938831137,0.919937927,0.976021139
227,0.98780966,0.966176662,0.960189224,0.97643601,0.969943507,0.959374503,0.940538043,0.932703138,0.915831621,0.982734325
228,0.989821826,0.969447883,0.963385776,0.977761,0.979774339,0.966635935,0.956665949,0.950072715,0.931141991,0.988507393
229,0.986777991,0.97298691,0.970609358,0.979547694,0.982860128,0.966079695,0.959253479,0.955411514,0.936609572,0.986046267
230,0.983367497,0.970153324,0.976174964,0.981949491,0.983026104,0.968158352,0.964360608,0.963224661,0.95178523,0.983429774
231,0.987618362,0.973486032,0.964530384,0.982766583,0.982257831,0.970787782,0.962560121,0.962331533,0.94305517,0.989265328
232,0.990604865,0.97417664,0.977912118,0.987117734,0.981932802,0.976506483,0.967810814,0.966395429,0.945458107,0.990312418
233,0.985785796,0.972202359,0.973078211,0.982899264,0.986306817,0.968299135,0.967874801,0.966794052,0.941705806,0.986739215
234,0.9901506,0.974978485,0.973186942,0.983955429,0.983840617,0.97442218,0.968958772,0.966015425,0.948370004,0.989776731
235,0.979750818,0.963816397,0.963670015,0.974149669,0.971291928,0.960552619,0.953531345,0.953290627,0.931511917,0.981221418
236,0.979758444,0.958033285,0.951183297,0.964662516,0.965219685,0.954634195,0.9520698,0.953843334,0.930733937,0.977645496
237,0.97048354,0.94370859,0.936005788,0.919913829,0.937505879,0.940555653,0.935925041,0.936619583,0.915264767,0.971134575
238,0.96489279,0.943864539,0.931567713,0.879746308,0.857976129,0.936405939,0.934386222,0.933584717,0.921645818,0.971947759
239,0.962067578,0.928883544,0.900974377,0.881038778,0.873978693,0.919444466,0.917986564,0.924472149,0.910632974,0.964328545
240,0.96590586,0.927929098,0.923795432,0.884788958,0.891645876,0.917928391,0.911269623,0.917283877,0.906115669,0.971859291
241,0.96918871,0.931558919,0.919914764,0.911824206,0.901750441,0.924242304,0.919784635,0.923239566,0.905171502,0.970300691
242,0.975598062,0.934463349,0.942463599,0.922958145,0.924205498,0.932057071,0.926443985,0.925196843,0.91658277,0.976118264
243,0.98138163,0.939776554,0.942589743,0.935660276,0.940383646,0.944382676,0.944784248,0.94046926,0.91274243,0.983616572
244,0.979284463,0.950243808,0.954775641,0.942803106,0.944499027,0.945296816,0.947428101,0.945450653,0.925381807,0.983289292
245,0.97878822,0.94426153,0.957698695,0.949929288,0.943578977,0.939641262,0.944810423,0.940896929,0.910080723,0.985492246
246,0.984590571,0.961982186,0.966416619,0.957801723,0.957163353,0.949477992,0.959423951,0.954039801,0.931333895,0.987461437
247,0.992702207,0.969192652,0.976912371,0.962888344,0.965846891,0.964171138,0.965973597,0.961640605,0.941300641,0.991305831
248,0.990492879,0.972802906,0.982806862,0.967422734,0.967279426,0.961676353,0.972999826,0.971384332,0.948723635,0.99064903
249,0.990375638,0.966591038,0.985439149,0.964879246,0.972548352,0.960082204,0.971528641,0.968492269,0.945353642,0.989767327
250,0.993635423,0.977417147,0.98893868,0.976586664,0.975193542,0.969598034,0.979754091,0.978048199,0.958237583,0.992977273
251,0.992718169,0.975042367,0.986644742,0.976575229,0.971026907,0.970655728,0.976026014,0.973218659,0.957405299,0.992922304
252,0.989986603,0.965278233,0.98515556,0.964259848,0.964242055,0.963992229,0.972756353,0.970170869,0.950597476,0.989276039
253,0.98416858,0.963902697,0.974742016,0.958621727,0.956889669,0.959177079,0.96288011,0.963527753,0.945770377,0.985735531
254,0.971078615,0.950745787,0.970231357,0.938366237,0.936125328,0.947845423,0.952844412,0.951814798,0.935413698,0.976926323
255,0.96759162,0.937460998,0.95376066,0.932376181,0.896642785,0.939405265,0.942430476,0.94026979,0.92975202,0.974027628
256,0.972010182,0.942693337,0.947807324,0.867049124,0.868535757,0.944912723,0.93790519,0.934906623,0.927995862,0.972742674
257,0.969282667,0.938942905,0.943388572,0.85486549,0.847203379,0.937074906,0.925884019,0.918174625,0.92521387,0.966478827
258,0.974021052,0.940293056,0.93772031,0.882505059,0.874597251,0.938944028,0.931818097,0.921817552,0.921931398,0.970017676
259,0.979223541,0.944923411,0.934015205,0.899603539,0.913722014,0.940835985,0.928434809,0.900583428,0.92679064,0.973230543
260,0.979976635,0.954154449,0.939944559,0.925003064,0.896373662,0.945954616,0.934862054,0.905666443,0.925778682,0.977405984
261,0.969517403,0.935334561,0.927645607,0.914832345,0.907690669,0.936639401,0.923238602,0.897312115,0.912670819,0.967142051
262,0.975867558,0.937024043,0.932262834,0.921266643,0.914513386,0.944171502,0.924002078,0.896258414,0.920329593,0.969367793
263,0.985158268,0.941550172,0.938730625,0.925799268,0.938551512,0.949494322,0.929217985,0.907560656,0.926240214,0.973820993
264,0.980620775,0.938553638,0.941742745,0.936751301,0.930400864,0.949436226,0.931771556,0.909552995,0.929662644,0.975740371
265,0.97379703,0.938697353,0.934139741,0.930183425,0.926758775,0.941382354,0.916759134,0.905521086,0.927958171,0.95914601
266,0.982315221,0.950135078,0.947231817,0.940841479,0.944169206,0.957003302,0.932570522,0.921341445,0.938682948,0.969134504
267,0.973640489,0.932761756,0.944023531,0.943508901,0.939242771,0.941304626,0.927006999,0.916554578,0.92729757,0.960501598
268,0.964346105,0.952729649,0.939158093,0.947200532,0.952719365,0.95193895,0.921143798,0.917815553,0.940296092,0.962297554
269,0.974707378,0.957455518,0.952525833,0.958531133,0.9525115,0.953318023,0.942721682,0.934789479,0.939733863,0.968624956
270,0.969240194,0.945615927,0.936555443,0.943335188,0.948220841,0.943097649,0.930873591,0.926990963,0.93121494,0.955086292
271,0.939007302,0.931375688,0.904780734,0.928094583,0.931427082,0.923372838,0.911346111,0.906710697,0.915350659,0.93852063
272,0.908732866,0.920220234,0.872487719,0.900772274,0.897099773,0.896573118,0.88315748,0.884563691,0.892726281,0.914702376
273,0.905438651,0.90194729,0.858251514,0.854700156,0.839733764,0.872005457,0.873405205,0.873005426,0.886889863,0.89989758
274,0.924905827,0.906795188,0.890367295,0.862273207,0.849962337,0.897577978,0.892783557,0.893345967,0.900642391,0.918450379
275,0.933500633,0.899771511,0.914921446,0.885685983,0.901399591,0.904624847,0.906253772,0.906416662,0.903821023,0.924613957
276,0.957467931,0.912453079,0.939021577,0.909779679,0.916082351,0.9299656,0.920932072,0.924078944,0.924404985,0.947014742
277,0.95310546,0.916260017,0.931679574,0.910037306,0.91614448,0.926240156,0.914773527,0.912938762,0.920827506,0.950837674
278,0.965624039,0.938273554,0.947086188,0.930892753,0.925960622,0.940867811,0.925616138,0.923994601,0.933870422,0.967841264
279,0.970297967,0.935787227,0.945613662,0.934127128,0.918915448,0.931291168,0.900167011,0.908646601,0.925258553,0.963550249
280,0.971242656,0.950754459,0.943064232,0.944130024,0.939317976,0.939255506,0.915554837,0.92041556,0.924962606,0.966630797
281,0.980641272,0.955060609,0.955647472,0.953446219,0.947441006,0.943456018,0.923486315,0.927715756,0.931260453,0.972031582
282,0.984492184,0.96335172,0.96585812,0.960347565,0.96777503,0.957924225,0.932959617,0.94343907,0.939840553,0.978368123
283,0.983448402,0.969737985,0.968968783,0.967310251,0.966384886,0.959742615,0.932110597,0.943384371,0.945889879,0.980561154
284,0.991984114,0.97775474,0.981886984,0.979738955,0.978691157,0.971635043,0.955197305,0.96004554,0.959165623,0.986691855
285,0.980509584,0.970832039,0.982148292,0.978734362,0.97892374,0.969530294,0.953296573,0.963142193,0.963751213,0.982635445
286,0.994398511,0.976924063,0.990883926,0.986077681,0.984420537,0.977549771,0.9718939,0.978174224,0.971388556,0.990808215
287,0.9930365,0.974807837,0.993430421,0.985901545,0.984806166,0.977621514,0.973972597,0.979333003,0.972953053,0.990630022
288,0.990908261,0.977453249,0.995985116,0.989693881,0.987978023,0.976670711,0.979218083,0.981174866,0.977103877,0.993733761
289,0.992522561,0.978628672,0.995541495,0.992163776,0.994662045,0.982754948,0.979978032,0.984747835,0.981168585,0.993106043
290,0.996258165,0.968973889,0.998164597,0.990413559,0.986666973,0.979280265,0.98110988,0.984727271,0.980765271,0.995811618
291,0.991086883,0.979066218,0.997675775,0.983582519,0.987046058,0.984691027,0.980686366,0.983043011,0.983498688,0.996750119
292,0.98916004,0.965203893,0.996291981,0.98504297,0.981630553,0.977611767,0.977993288,0.979788364,0.975117185,0.994436341
293,0.989197042,0.964586873,0.995770509,0.977578545,0.987970096,0.972459596,0.976674345,0.978720354,0.96817698,0.995479976
294,0.988288301,0.964484846,0.995683864,0.979462548,0.966971053,0.957238265,0.965354044,0.968580465,0.959536036,0.992826749
295,0.994884678,0.975182792,0.996284433,0.979073036,0.983835549,0.969645605,0.975390703,0.973963861,0.966012585,0.995941871
296,0.98871122,0.972549629,0.995722979,0.983788191,0.984806086,0.964173133,0.972620418,0.973868337,0.955620824,0.993195522
297,0.988236584,0.976783536,0.992736747,0.980219398,0.979699214,0.9637267,0.96644527,0.966902933,0.957383722,0.992951656
298,0.983220526,0.973812719,0.993250909,0.975144669,0.978714361,0.965995039,0.963082286,0.970190634,0.960760019,0.99323159
299,0.988139113,0.982692712,0.992868737,0.978160433,0.980849252,0.966968118,0.962786583,0.967841754,0.958106148,0.994846244
300,0.986456164,0.985987758,0.988151709,0.981501197,0.983188935,0.969237697,0.968235999,0.969551447,0.959678298,0.995438696
301,0.989444419,0.984734572,0.990339203,0.982626391,0.984030832,0.975592016,0.971349296,0.973817945,0.964147151,0.995446602
302,0.992369817,0.987090121,0.992012755,0.981541158,0.987065002,0.973614434,0.974011509,0.975840412,0.959471341,0.995042531
303,0.989707038,0.981452232,0.990002385,0.973872595,0.97259621,0.975916723,0.962430895,0.968348,0.953129206,0.99278522
304,0.985787885,0.983855092,0.986986655,0.97479834,0.976582589,0.971794823,0.968094298,0.970640941,0.952530557,0.992145793
305,0.984125491,0.979406264,0.98190228,0.971795783,0.97673936,0.970091593,0.963029628,0.965950544,0.947571497,0.990759059
306,0.96635743,0.963953193,0.961734557,0.951883607,0.953399927,0.954692039,0.940749209,0.948464428,0.93467927,0.981909548
307,0.947097673,0.957036519,0.952868569,0.853358187,0.869502172,0.929875963,0.928353033,0.934423588,0.919878546,0.967931048
308,0.944293978,0.941491979,0.935389389,0.855723514,0.870093861,0.909054411,0.909026404,0.915389875,0.916040044,0.962763231
309,0.935352136,0.929076774,0.929784507,0.868431897,0.869606789,0.888576912,0.884466482,0.883958675,0.90493124,0.952992837
310,0.924333986,0.895420326,0.910551801,0.844342569,0.867044349,0.874695307,0.835715411,0.814273527,0.894793182,0.944545814
311,0.935851637,0.886031425,0.932666999,0.862940966,0.876892046,0.877118826,0.839836158,0.778894677,0.898336128,0.955569139
312,0.947800436,0.889052387,0.943881264,0.894017158,0.89973241,0.887148336,0.850887939,0.755698582,0.909920213,0.957101453
313,0.9556698,0.901825721,0.934028618,0.89950535,0.899415521,0.893011933,0.844807832,0.771999309,0.914664347,0.960386129
314,0.963028436,0.907250376,0.944152532,0.921021117,0.915352577,0.90964347,0.838854322,0.775941527,0.925142502,0.967425998
315,0.97214339,0.894784354,0.941775891,0.908994634,0.903841877,0.909126229,0.855974858,0.800032714,0.920704233,0.970354106
316,0.960150164,0.868922083,0.928093652,0.902270836,0.897735577,0.889078089,0.844560927,0.808373527,0.9056022,0.965043525
317,0.953939469,0.847888329,0.909612412,0.893397859,0.889464957,0.87908077,0.819707911,0.804232347,0.890474345,0.958395094
318,0.943463165,0.865784607,0.901093054,0.867961036,0.865047594,0.874716421,0.805603224,0.810912868,0.890522064,0.957762295
319,0.94346355,0.855118923,0.885434605,0.871334444,0.868277961,0.877195872,0.815859373,0.82856306,0.885306004,0.952002811
320,0.959884048,0.893703373,0.891780037,0.897573938,0.887110779,0.904688447,0.8357253,0.849343053,0.895309845,0.966595779
321,0.964870437,0.892536798,0.910395779,0.904185384,0.904673128,0.912192739,0.846236823,0.86083883,0.902553422,0.967583222
322,0.961922166,0.884291521,0.894776377,0.907210623,0.911205314,0.912515031,0.837645424,0.861504332,0.897772273,0.967244576
323,0.964059416,0.890567374,0.888963281,0.893824644,0.919207878,0.918612174,0.837019432,0.851895103,0.883330912,0.96312442
324,0.971560458,0.903568904,0.929306075,0.928631621,0.932589148,0.927590447,0.86336639,0.873454379,0.902919121,0.974033725
325,0.967393445,0.910020347,0.945490964,0.926445564,0.928261945,0.928814551,0.88053127,0.889344366,0.914580415,0.967672827
326,0.97471891,0.925165397,0.946558398,0.947976277,0.952730197,0.941347271,0.889773274,0.900475852,0.932080165,0.975656856
327,0.979585453,0.941754443,0.958706509,0.953279186,0.95331931,0.951430037,0.907253461,0.920174936,0.939233164,0.981498151
328,0.97807892,0.93597622,0.956622707,0.956983678,0.955644604,0.948356924,0.914178305,0.91803584,0.939032702,0.982630491
329,0.974451707,0.943226618,0.959444197,0.954666892,0.958658376,0.950108256,0.917584968,0.922507684,0.937784964,0.977215831
330,0.981213131,0.944235839,0.953911236,0.96194642,0.960070161,0.957434256,0.916291857,0.924977013,0.938111615,0.984477238
331,0.975345193,0.942307592,0.963999344,0.958460834,0.963233359,0.952120935,0.926172869,0.931001099,0.935139561,0.978756947
332,0.981443652,0.944740767,0.964363945,0.963132559,0.958158184,0.951950323,0.91889766,0.930170516,0.938200365,0.987207217
333,0.985768743,0.946921134,0.968158376,0.958363128,0.958171134,0.960744326,0.925527171,0.933314587,0.942346777,0.985336567
334,0.981521879,0.94282295,0.964690893,0.955940132,0.956383091,0.951715475,0.913433735,0.918477851,0.936118132,0.984015659
335,0.985097286,0.954501173,0.97772874,0.96595012,0.96771032,0.962688636,0.935659886,0.943263659,0.952249505,0.987384157
336,0.985420679,0.947803461,0.978436142,0.974530043,0.96384316,0.95741723,0.935647762,0.941870187,0.953639396,0.987907944
337,0.986805796,0.937411087,0.979319956,0.970667999,0.966315202,0.957316174,0.931716082,0.937529444,0.941655912,0.988171419
338,0.988200951,0.96129409,0.989085849,0.976317711,0.975655527,0.964255789,0.952826732,0.955217892,0.963830736,0.990644646
339,0.984955593,0.959336446,0.988964307,0.975048847,0.976170117,0.96418973,0.953330075,0.953885291,0.961964176,0.983978382
340,0.99017459,0.974164418,0.990364468,0.979183939,0.975457859,0.973275977,0.950683738,0.95741254,0.965142762,0.991998319
341,0.993437089,0.97930612,0.992221004,0.984530836,0.981877145,0.976412437,0.958678466,0.96072253,0.965857786,0.994492914
342,0.994063084,0.985548328,0.995361342,0.985468129,0.987608184,0.982696558,0.966255066,0.971607238,0.969509071,0.99554345
343,0.994811122,0.987919452,0.994583851,0.987571199,0.984391327,0.983074515,0.963075157,0.969138304,0.965243306,0.996055023
344,0.993364948,0.987127936,0.99459887,0.991562157,0.991635358,0.982734212,0.974847933,0.976253936,0.971784699,0.995720285
345,0.992437633,0.985525626,0.993920247,0.991743219,0.989489309,0.980360174,0.973813389,0.97486649,0.958254514,0.99393279
346,0.99295803,0.985368194,0.991839776,0.988864137,0.988727462,0.981746964,0.975531564,0.974826447,0.969570791,0.991603063
347,0.992448212,0.988631772,0.991831607,0.990339946,0.987896665,0.982654173,0.973067986,0.971196211,0.960339132,0.993981573
348,0.995191468,0.985628663,0.99353663,0.989408493,0.986173063,0.982580207,0.97243831,0.975103606,0.958144539,0.99573028
349,0.991867645,0.986498721,0.993422924,0.985198249,0.990036546,0.978954686,0.972708759,0.972684184,0.959588762,0.993759782
350,0.996494992,0.989719001,0.99528848,0.991676833,0.990432054,0.987788754,0.979151355,0.97930229,0.971122043,0.996821583
351,0.992335206,0.989321636,0.992347854,0.983732328,0.986830907,0.982578211,0.973690412,0.973202417,0.959320633,0.993969098
352,0.995138082,0.991178009,0.995708762,0.992514431,0.993907532,0.987947837,0.980272833,0.983504005,0.967782907,0.996631656
353,0.996002649,0.990191684,0.995216317,0.993106143,0.992259806,0.989262846,0.982965321,0.982865256,0.974693265,0.997139304
354,0.993816505,0.983787133,0.995345479,0.990524764,0.99046706,0.984561094,0.975010501,0.977324114,0.969523589,0.995640026
355,0.993797605,0.991396239,0.994044969,0.988767072,0.991865588,0.986018233,0.976739528,0.977934309,0.975003183,0.99592577
356,0.995435604,0.989833583,0.993899307,0.992009973,0.991627132,0.987937272,0.978396634,0.981177679,0.973264606,0.996416454
357,0.997109785,0.991976936,0.997262144,0.992153021,0.990878357,0.988024647,0.980562534,0.9839773,0.972065691,0.997246314
358,0.997054592,0.990538561,0.996773798,0.995511186,0.994547401,0.993272111,0.98758324,0.985814863,0.975059979,0.997429924
359,0.995114369,0.988362102,0.993754787,0.993109777,0.993609166,0.987999511,0.98357845,0.984825027,0.970105813,0.996515774
360,0.996595286,0.993492375,0.996256659,0.995373683,0.995634873,0.994195911,0.98439063,0.986381557,0.976095088,0.998471835
361,0.996822087,0.987640119,0.995812885,0.992810337,0.991805988,0.987876168,0.980244936,0.9809282,0.966573525,0.996922912
362,0.992195931,0.986324438,0.995291354,0.990509702,0.991825025,0.983224906,0.975217439,0.981179673,0.957846651,0.993084784
363,0.994342729,0.981955802,0.991588569,0.986461494,0.984467841,0.983183283,0.969718713,0.973253999,0.954300345,0.993743054
364,0.986897055,0.975420147,0.990209096,0.984326703,0.982621159,0.974895265,0.966470827,0.969214485,0.947807983,0.989973923
365,0.980691442,0.968881638,0.986666241,0.973905459,0.967266202,0.97053927,0.953785931,0.956096123,0.949245941,0.987426364
366,0.984554623,0.963142162,0.9810004,0.927050503,0.888892555,0.967242656,0.948208241,0.951977319,0.94288212,0.987842173
367,0.986264583,0.968075577,0.98312088,0.935424827,0.8537693,0.967104543,0.954074713,0.948138639,0.951142355,0.988163122
368,0.979943727,0.940406129,0.978952819,0.896609101,0.90635828,0.951990672,0.945278619,0.933682761,0.944143083,0.982510314
369,0.979542997,0.944896284,0.976053905,0.922256791,0.90339707,0.959329871,0.942045204,0.926909047,0.94354621,0.985423965
370,0.979360951,0.9379827,0.973689974,0.929087569,0.912482322,0.956348406,0.928416764,0.901602345,0.947103792,0.981214203
371,0.98303205,0.948769259,0.980514461,0.958108718,0.951721083,0.960453515,0.938705114,0.909901573,0.960635253,0.986641841
372,0.982223896,0.946794879,0.978359828,0.953770005,0.949645164,0.959074284,0.933810595,0.90029468,0.956765539,0.980403132
373,0.986042212,0.963967129,0.978897277,0.966815023,0.963091422,0.969089093,0.946338641,0.906578849,0.966726267,0.989069981
374,0.986607683,0.9645857,0.982056418,0.968341763,0.972086016,0.971334543,0.957707949,0.916553593,0.969071079,0.989299943
375,0.992402058,0.968715339,0.984583827,0.978026674,0.973853398,0.979411259,0.961574621,0.925265278,0.967780128,0.990914883
376,0.978962495,0.965892948,0.979046441,0.97206734,0.966478411,0.966814887,0.94789034,0.924842254,0.960029109,0.985576775
377,0.989316838,0.973381954,0.987936717,0.979873958,0.976564204,0.979557491,0.960849804,0.946064239,0.976674988,0.992132682
378,0.989381248,0.974941262,0.982982218,0.976908857,0.977430376,0.979128222,0.962813409,0.952728838,0.976752751,0.991075138
379,0.989821807,0.974131424,0.981788674,0.975783664,0.976136645,0.979890761,0.966180869,0.956392326,0.973026062,0.991622583
380,0.982256333,0.975781266,0.980772113,0.976650346,0.974817017,0.978892665,0.96543321,0.955388668,0.970971381,0.987422593
381,0.993160239,0.978710138,0.985842979,0.986245388,0.979351446,0.983951597,0.966623005,0.960705398,0.973775457,0.991897381
382,0.988069462,0.975586413,0.985641479,0.984033077,0.981937334,0.982833784,0.971742246,0.965970067,0.976091358,0.991324676
383,0.993605844,0.980489967,0.989074407,0.986037829,0.984144271,0.986528008,0.976120039,0.971597715,0.978450869,0.992718256
384,0.987737697,0.978442286,0.988133633,0.976336261,0.981596509,0.982138967,0.966532834,0.968484435,0.973153773,0.992435928
385,0.986934691,0.978473537,0.984914515,0.987848342,0.984916062,0.981757537,0.970357066,0.965905299,0.972299315,0.990713479
386,0.992166744,0.976059709,0.987840472,0.977089868,0.981957397,0.981972121,0.973244374,0.972944031,0.978381003,0.990547611
387,0.978819119,0.972919661,0.983953446,0.980681187,0.98185827,0.977990876,0.966234025,0.964618299,0.973175738,0.988876148
388,0.989778072,0.978086086,0.98847553,0.982231428,0.983607758,0.979552245,0.971092422,0.969120336,0.976207575,0.987528618
389,0.992588311,0.976933636,0.985492052,0.98139344,0.982932474,0.981000688,0.971408138,0.967322518,0.969875982,0.989483119
390,0.991858215,0.979790212,0.9905526,0.984105313,0.979557106,0.98345085,0.973296996,0.967231984,0.973470043,0.989721583
391,0.991196763,0.97229736,0.990979372,0.984563556,0.981181424,0.980024523,0.974777069,0.967090198,0.970257452,0.991145875
392,0.994969664,0.978865849,0.995454119,0.985377313,0.986294804,0.984505065,0.976899532,0.968251993,0.973762897,0.993798771
393,0.989167337,0.972472693,0.989402663,0.983623507,0.981155537,0.977128671,0.971861861,0.963765002,0.96584991,0.988868659
394,0.992766719,0.983341755,0.991576865,0.986645244,0.989699627,0.983759264,0.98092992,0.97524163,0.976467421,0.994383335
395,0.994326927,0.981987233,0.996178755,0.978120663,0.982977689,0.987721682,0.973577639,0.971764627,0.977171808,0.995174187
396,0.996368129,0.976249471,0.995620835,0.985235817,0.972370546,0.987187025,0.977953359,0.971737862,0.973157577,0.996336565
397,0.988644565,0.95850323,0.99300949,0.959403889,0.964472374,0.978241701,0.96251152,0.953060106,0.958797644,0.990239034
398,0.994948229,0.976613539,0.996606564,0.984911288,0.969835598,0.984337779,0.974844538,0.962403176,0.965306271,0.993424943
399,0.992770893,0.976005775,0.993798866,0.980876955,0.968275194,0.98341565,0.9750179,0.961080124,0.970978927,0.994308363
