,LB,BOLE,MOOB,ARF,ARFre,SS-LB,RVU-ARF,VU-ARFre,OALE,CALMID
0,0.956521739,0.956521739,0.956521739,0.915985064,0.915719033,0.956521739,0.914924159,0.914808587,0.916986235,0.916932648
1,0.956521739,0.956521739,0.956521739,0.956521739,0.956521739,0.956521739,0.956521739,0.956521739,0.956521739,0.956521739
2,0.956521739,0.956521739,0.956521739,0.956521739,0.956521739,0.956521739,0.956521739,0.956521739,0.956521739,0.956521739
3,0.956521739,0.956521739,0.956521739,0.956521739,0.956521739,0.956521739,0.956521739,0.956521739,0.956521739,0.956521739
4,0.956521739,0.956521739,0.916007905,0.915007869,0.876462411,0.920848696,0.875494071,0.877139651,0.879639513,0.879418914
5,0.956521739,0.956521739,0.956521739,0.956521739,0.956521739,0.956521739,0.956521739,0.956521739,0.956521739,0.956521739
6,0.956521739,0.956521739,0.956521739,0.956521739,0.956521739,0.956521739,0.956521739,0.956521739,0.956521739,0.956521739
7,0.916996047,0.916988475,0.916996047,0.878419838,0.878425083,0.913238109,0.916958813,0.916933658,0.881404357,0.881377948
8,0.956521739,0.956521739,0.956521739,0.956521739,0.956521739,0.956521739,0.956521739,0.956521739,0.956521739,0.956521739
9,0.956521739,0.956521739,0.956521739,0.956521739,0.956521739,0.956521739,0.956521739,0.956521739,0.956521739,0.956521739
10,0.956521739,0.956521739,0.956521739,0.956521739,0.956521739,0.956521739,0.956521739,0.956521739,0.956521739,0.956521739
11,0.916996047,0.916996047,0.916996047,0.916996047,0.916996047,0.916996047,0.916987108,0.916996047,0.916996047,0.916996047
12,0.956521739,0.956521739,0.956521739,0.956521739,0.956521739,0.956521739,0.956521739,0.956521739,0.956521739,0.956521739
13,0.956521739,0.956521739,0.956521739,0.956521739,0.956521739,0.956521739,0.956521739,0.956521739,0.956521739,0.956521739
14,0.956521739,0.956521739,0.956521739,0.956521739,0.956521739,0.956521739,0.956521739,0.956521739,0.956521739,0.956521739
15,0.916996047,0.916943551,0.879445629,0.879187089,0.877533086,0.916996047,0.876918012,0.876705228,0.881398464,0.881122304
16,0.956521739,0.956521739,0.956521739,0.956521739,0.956521739,0.956521739,0.956521739,0.956521739,0.956521739,0.956521739
17,0.956521739,0.956521739,0.956521739,0.956521739,0.956521739,0.956521739,0.956521739,0.956521739,0.956521739,0.956521739
18,0.956521739,0.956521739,0.956521739,0.956521739,0.956521739,0.956521739,0.956521739,0.956521739,0.956521739,0.956521739
19,0.916985964,0.916973503,0.916985964,0.916974954,0.916976916,0.916938433,0.916883989,0.916983419,0.916996047,0.91699587
20,0.956521739,0.956521739,0.956521739,0.956521739,0.956521739,0.956521739,0.956521739,0.956521739,0.956521739,0.956521739
21,0.956521739,0.956521739,0.956521739,0.956521739,0.956521739,0.956521739,0.956521739,0.956521739,0.956521739,0.956521739
22,0.881175889,0.881411885,0.881190421,0.88085814,0.881250014,0.880783193,0.879799629,0.880616407,0.881408249,0.88015546
23,0.956521739,0.956521739,0.956521739,0.956521739,0.956521739,0.956521739,0.956521739,0.956521739,0.956521739,0.956521739
24,0.956521739,0.956521739,0.956521739,0.956521739,0.956521739,0.956521739,0.956521739,0.956521739,0.956521739,0.956521739
25,0.956521739,0.956521739,0.956521739,0.956521739,0.956521739,0.956521739,0.956521739,0.956521739,0.956521739,0.956521739
26,0.916962999,0.916969878,0.916760775,0.916958779,0.916969918,0.916779887,0.916904945,0.916983096,0.916945044,0.91674277
27,0.956521739,0.956521739,0.956521739,0.956521739,0.956521739,0.956521739,0.956521739,0.956521739,0.956521739,0.956521739
28,0.956521739,0.956521739,0.956521739,0.956521739,0.956521739,0.956521739,0.956521739,0.956521739,0.956521739,0.956521739
29,0.956521739,0.956521739,0.956521739,0.956521739,0.956521739,0.956521739,0.956521739,0.956521739,0.956521739,0.956521739
30,0.956521739,0.956521739,0.956521739,0.956521739,0.956521739,0.956521739,0.956521739,0.956521739,0.956521739,0.956521739
31,0.956521739,0.915976711,0.956521739,0.915983177,0.916005925,0.952371243,0.915293903,0.915946579,0.916989509,0.916980419
32,0.956521739,0.956521739,0.956521739,0.956521739,0.956521739,0.956521739,0.956521739,0.956521739,0.956521739,0.956521739
33,0.956521739,0.956521739,0.956521739,0.956521739,0.956521739,0.956521739,0.956521739,0.956521739,0.956521739,0.956521739
34,0.956521739,0.956521739,0.956521739,0.956521739,0.956521739,0.956521739,0.956521739,0.956521739,0.956521739,0.956521739
35,0.956521739,0.956521739,0.956521739,0.956521739,0.956521739,0.956521739,0.956521739,0.956521739,0.956521739,0.956521739
36,0.956521739,0.956521739,0.956521739,0.956521739,0.956521739,0.956521739,0.956521739,0.956521739,0.956521739,0.956521739
37,0.956521739,0.956521739,0.956521739,0.956521739,0.956521739,0.956521739,0.956521739,0.956521739,0.956521739,0.956521739
38,0.956521739,0.956521739,0.956521739,0.956521739,0.956521739,0.956521739,0.956521739,0.956521739,0.956521739,0.956521739
39,0.879431258,0.878464422,0.87944664,0.879814716,0.881375543,0.879442671,0.879077969,0.878491878,0.879578066,0.880370242
40,0.879329092,0.878389261,0.87944664,0.879325452,0.878289616,0.87944664,0.878877903,0.878319072,0.87981638,0.879416691
41,0.837940676,0.837022973,0.837943623,0.838798985,0.833328699,0.864227638,0.838272778,0.836310505,0.841439162,0.840883022
42,0.845729748,0.843501544,0.881320428,0.846499949,0.846194038,0.874232844,0.8453485,0.841968828,0.846551009,0.848080315
43,0.845695174,0.846444061,0.881316361,0.849612233,0.84560852,0.84653214,0.846772656,0.844864594,0.84737281,0.848549432
44,0.956521739,0.956521739,0.956521739,0.956521739,0.956521739,0.956521739,0.956521739,0.956521739,0.956521739,0.956521739
45,0.956521739,0.956521739,0.956521739,0.956521739,0.956521739,0.956521739,0.956521739,0.956521739,0.956521739,0.956521739
46,0.956521739,0.956521739,0.956521739,0.956521739,0.956521739,0.956521739,0.956521739,0.956521739,0.956521739,0.956521739
47,0.956521739,0.956521739,0.956521739,0.956521739,0.956521739,0.956521739,0.956521739,0.956521739,0.956521739,0.956521739
48,0.956521739,0.956521739,0.956521739,0.956521739,0.956521739,0.956521739,0.956521739,0.956521739,0.956521739,0.956521739
49,0.956521739,0.956521739,0.956521739,0.956521739,0.956521739,0.956521739,0.956521739,0.956521739,0.956521739,0.956521739
50,0.881422925,0.881364799,0.881422925,0.881341521,0.881413331,0.881422925,0.881262512,0.880916022,0.881417224,0.881422925
51,0.916996047,0.878952569,0.916996047,0.878976214,0.877902668,0.916996047,0.878910553,0.87883779,0.879533632,0.88142272
52,0.916996031,0.916995453,0.916996047,0.91699087,0.916989262,0.91699383,0.916987011,0.916992755,0.916989475,0.91699318
53,0.814378143,0.818509413,0.814173347,0.817210491,0.817037222,0.812119818,0.814426082,0.813767468,0.816468104,0.815796758
54,0.956521739,0.956521739,0.956521739,0.956521739,0.956521739,0.956521739,0.956521739,0.956521739,0.956521739,0.956521739
55,0.956521739,0.956521739,0.956521739,0.956521739,0.956521739,0.956521739,0.956521739,0.956521739,0.956521739,0.956521739
56,0.956521739,0.956521739,0.956521739,0.956521739,0.956521739,0.956521739,0.956521739,0.956521739,0.956521739,0.956521739
57,0.956521739,0.956521739,0.956521739,0.956521739,0.956521739,0.956521739,0.956521739,0.956521739,0.956521739,0.956521739
58,0.956521739,0.956521739,0.956521739,0.956521739,0.956521739,0.956521739,0.956521739,0.956521739,0.956521739,0.956521739
59,0.956521739,0.956521739,0.956521739,0.956521739,0.956521739,0.956521739,0.956521739,0.956521739,0.956521739,0.956521739
60,0.956521739,0.956521739,0.956521739,0.956521739,0.956521739,0.956521739,0.956521739,0.956521739,0.956521739,0.956521739
61,0.956521739,0.956521739,0.956521739,0.956521739,0.956521739,0.956521739,0.956521739,0.956521739,0.956521739,0.956521739
62,0.956521739,0.956521739,0.956521739,0.956521739,0.956521739,0.956521739,0.956521739,0.956521739,0.956521739,0.956521739
63,0.956521739,0.956521739,0.956521739,0.956521739,0.956521739,0.956521739,0.956521739,0.956521739,0.956521739,0.956521739
64,0.956521739,0.956521739,0.956521739,0.956521739,0.956521739,0.956521739,0.956521739,0.956521739,0.956521739,0.956521739
65,0.956521739,0.956521739,0.956521739,0.956521739,0.956521739,0.956521739,0.956521739,0.956521739,0.956521739,0.956521739
66,0.956521739,0.956521739,0.956521739,0.956521739,0.956521739,0.956521739,0.956521739,0.956521739,0.956521739,0.956521739
67,0.956521739,0.956521739,0.956521739,0.956521739,0.956521739,0.956521739,0.956521739,0.956521739,0.956521739,0.956521739
68,0.956521739,0.956521739,0.956521739,0.956521739,0.956521739,0.956521739,0.956521739,0.956521739,0.956521739,0.956521739
69,0.956521739,0.956521739,0.956521739,0.956521739,0.956521739,0.956521739,0.956521739,0.956521739,0.956521739,0.956521739
70,0.956521739,0.956521739,0.956521739,0.956521739,0.956521739,0.956521739,0.956521739,0.956521739,0.956521739,0.956521739
71,0.956521739,0.956521739,0.956521739,0.956521739,0.956521739,0.956521739,0.956521739,0.956521739,0.956521739,0.956521739
72,0.956521739,0.956521739,0.956521739,0.956521739,0.956521739,0.956521739,0.956521739,0.956521739,0.956521739,0.956521739
73,0.956521739,0.956521739,0.956521739,0.956521739,0.956521739,0.956521739,0.956521739,0.956521739,0.956521739,0.956521739
74,0.916995676,0.916996047,0.916996047,0.84177464,0.842799705,0.916995263,0.843802728,0.84265555,0.842984935,0.846770334
75,0.916930171,0.916954414,0.91697359,0.91697917,0.916906334,0.916644957,0.916914955,0.916921733,0.916955901,0.916885925
76,0.849802372,0.814760881,0.849802372,0.818505383,0.813335224,0.848746535,0.811634983,0.811556883,0.821289973,0.820346466
77,0.916827884,0.916937093,0.916934289,0.916879713,0.916935493,0.916587622,0.916219392,0.91655844,0.916879914,0.916670339
78,0.878421493,0.841257773,0.878456483,0.840770352,0.840221134,0.874996284,0.841873197,0.841887252,0.846125378,0.843747155
79,0.956521739,0.956521739,0.956521739,0.956521739,0.956521739,0.956521739,0.956521739,0.956521739,0.956521739,0.956521739
80,0.956521739,0.956521739,0.956521739,0.956521739,0.956521739,0.956521739,0.956521739,0.956521739,0.956521739,0.956521739
81,0.956521739,0.956521739,0.956521739,0.956521739,0.956521739,0.956521739,0.956521739,0.956521739,0.956521739,0.956521739
82,0.845821653,0.843628051,0.845658549,0.847523764,0.845919416,0.855595611,0.845625998,0.846715055,0.847016429,0.846819389
83,0.916996047,0.916996047,0.916996047,0.916994031,0.916994031,0.91682775,0.916996047,0.916996047,0.916996007,0.916995442
84,0.956521739,0.956521739,0.956521739,0.956521739,0.956521739,0.956521739,0.956521739,0.956521739,0.956521739,0.956521739
85,0.956521739,0.956521739,0.956521739,0.956521739,0.956521739,0.956521739,0.956521739,0.956521739,0.956521739,0.956521739
86,0.849593674,0.790208479,0.8219148,0.786782188,0.785673298,0.832959144,0.786261304,0.78721054,0.796420944,0.793689447
87,0.956521739,0.956521739,0.956521739,0.956521739,0.956521739,0.956521739,0.956521739,0.956521739,0.956521739,0.956521739
88,0.956521739,0.956521739,0.956521739,0.956521739,0.956521739,0.956521739,0.956521739,0.956521739,0.956521739,0.956521739
89,0.956521739,0.956521739,0.956521739,0.956521739,0.956521739,0.956521739,0.956521739,0.956521739,0.956521739,0.956521739
90,0.916996047,0.916981099,0.916996047,0.916996047,0.916996047,0.916996047,0.916967345,0.916995963,0.916989674,0.916995803
91,0.881399522,0.845669485,0.881346564,0.846209432,0.846711386,0.88132799,0.84640741,0.846102349,0.849714442,0.848999013
92,0.916994879,0.916994757,0.916970381,0.916994864,0.916994713,0.916949955,0.916992975,0.916993663,0.916995921,0.916965232
93,0.956521739,0.956521739,0.956521739,0.956521739,0.956521739,0.956521739,0.956521739,0.956521739,0.956521739,0.956521739
94,0.956521739,0.956521739,0.956521739,0.956521739,0.956521739,0.956521739,0.956521739,0.956521739,0.956521739,0.956521739
95,0.956521739,0.956521739,0.956521739,0.956521739,0.956521739,0.956521739,0.956521739,0.956521739,0.956521739,0.956521739
96,0.956521739,0.956521739,0.956521739,0.956521739,0.956521739,0.956521739,0.956521739,0.956521739,0.956521739,0.956521739
97,0.956521739,0.956521739,0.956521739,0.956521739,0.956521739,0.956521739,0.956521739,0.956521739,0.956521739,0.956521739
98,0.956521739,0.956521739,0.956521739,0.956521739,0.956521739,0.956521739,0.956521739,0.956521739,0.956521739,0.956521739
99,0.956521739,0.956521739,0.956521739,0.956521739,0.956521739,0.956521739,0.956521739,0.956521739,0.956521739,0.956521739
100,0.956521739,0.956521739,0.956521739,0.956521739,0.956521739,0.956521739,0.956521739,0.956521739,0.956521739,0.956521739
101,0.956521739,0.956521739,0.956521739,0.956521739,0.956521739,0.956521739,0.956521739,0.956521739,0.956521739,0.956521739
102,0.956521739,0.956521739,0.956521739,0.956521739,0.956521739,0.956521739,0.956521739,0.956521739,0.956521739,0.956521739
103,0.916996047,0.916996047,0.916996047,0.916996047,0.916996047,0.916996047,0.916996047,0.916996047,0.916996047,0.916996047
104,0.956521739,0.956521739,0.956521739,0.956521739,0.956521739,0.956521739,0.956521739,0.956521739,0.956521739,0.956521739
105,0.956521739,0.956521739,0.956521739,0.956521739,0.956521739,0.956521739,0.956521739,0.956521739,0.956521739,0.956521739
106,0.916996047,0.916726193,0.956521739,0.915808101,0.916996047,0.931609646,0.916303357,0.91313655,0.91620405,0.916205336
107,0.956521739,0.956521739,0.956521739,0.956521739,0.956521739,0.956521739,0.956521739,0.956521739,0.956521739,0.956521739
108,0.916996047,0.916994908,0.916996047,0.916991549,0.916992628,0.916995819,0.916987908,0.916987641,0.916996047,0.916996047
109,0.956521739,0.956521739,0.956521739,0.956521739,0.956521739,0.956521739,0.956521739,0.956521739,0.956521739,0.956521739
110,0.956521739,0.956521739,0.956521739,0.956521739,0.956521739,0.956521739,0.956521739,0.956521739,0.956521739,0.956521739
111,0.956521739,0.956521739,0.956521739,0.956521739,0.956521739,0.956521739,0.956521739,0.956521739,0.956521739,0.956521739
112,0.956521739,0.956521739,0.956521739,0.956521739,0.956521739,0.956521739,0.956521739,0.956521739,0.956521739,0.956521739
113,0.956521739,0.956521739,0.956521739,0.956521739,0.956521739,0.956521739,0.956521739,0.956521739,0.956521739,0.956521739
114,0.956521739,0.956521739,0.956521739,0.956521739,0.956521739,0.956521739,0.956521739,0.956521739,0.956521739,0.956521739
115,0.956521739,0.956521739,0.956521739,0.956521739,0.956521739,0.956521739,0.956521739,0.956521739,0.956521739,0.956521739
116,0.956521739,0.956521739,0.956521739,0.956521739,0.956521739,0.956521739,0.956521739,0.956521739,0.956521739,0.956521739
117,0.956521739,0.956521739,0.956521739,0.956521739,0.956521739,0.956521739,0.956521739,0.956521739,0.956521739,0.956521739
118,0.956521739,0.956521739,0.956521739,0.956521739,0.956521739,0.956521739,0.956521739,0.956521739,0.956521739,0.956521739
119,0.956521739,0.956521739,0.956521739,0.956521739,0.956521739,0.956521739,0.956521739,0.956521739,0.956521739,0.956521739
120,0.956521739,0.956521739,0.956521739,0.956521739,0.956521739,0.956521739,0.956521739,0.956521739,0.956521739,0.956521739
121,0.956521739,0.956521739,0.956521739,0.956521739,0.956521739,0.956521739,0.956521739,0.956521739,0.956521739,0.956521739
122,0.956521739,0.956521739,0.956521739,0.956521739,0.956521739,0.956521739,0.956521739,0.956521739,0.956521739,0.956521739
123,0.956521739,0.956521739,0.956521739,0.956521739,0.956521739,0.956521739,0.956521739,0.956521739,0.956521739,0.956521739
124,0.956521739,0.956521739,0.956521739,0.956521739,0.956521739,0.956521739,0.956521739,0.956521739,0.956521739,0.956521739
125,0.956521739,0.956521739,0.956521739,0.956521739,0.956521739,0.956521739,0.956521739,0.956521739,0.956521739,0.956521739
126,0.956521739,0.956521739,0.956521739,0.956521739,0.956521739,0.956521739,0.956521739,0.956521739,0.956521739,0.956521739
127,0.956521739,0.956521739,0.956521739,0.956521739,0.956521739,0.956521739,0.956521739,0.956521739,0.956521739,0.956521739
128,0.881422925,0.881363366,0.881422925,0.881419766,0.881419315,0.881420555,0.881399631,0.881406681,0.880974403,0.881341075
129,0.956521739,0.956521739,0.956521739,0.956521739,0.956521739,0.956521739,0.956521739,0.956521739,0.956521739,0.956521739
130,0.956521739,0.956521739,0.956521739,0.956521739,0.956521739,0.956521739,0.956521739,0.956521739,0.956521739,0.956521739
131,0.956521739,0.956521739,0.956521739,0.956521739,0.956521739,0.956521739,0.956521739,0.956521739,0.956521739,0.956521739
132,0.956521739,0.956521739,0.956521739,0.956521739,0.956521739,0.956521739,0.956521739,0.956521739,0.956521739,0.956521739
133,0.956521739,0.956521739,0.956521739,0.956521739,0.956521739,0.956521739,0.956521739,0.956521739,0.956521739,0.956521739
134,0.956521739,0.956521739,0.956521739,0.956521739,0.956521739,0.956521739,0.956521739,0.956521739,0.956521739,0.956521739
135,0.956521739,0.956521739,0.956521739,0.956521739,0.956521739,0.956521739,0.956521739,0.956521739,0.956521739,0.956521739
136,0.881422925,0.881395991,0.881422925,0.881397796,0.881413285,0.881404581,0.881297066,0.881353993,0.881421208,0.881422891
137,0.956521739,0.956521739,0.956521739,0.956521739,0.956521739,0.956521739,0.956521739,0.956521739,0.956521739,0.956521739
138,0.956521739,0.956521739,0.956521739,0.956521739,0.956521739,0.956521739,0.956521739,0.956521739,0.956521739,0.956521739
139,0.956521739,0.956521739,0.956521739,0.956521739,0.956521739,0.956521739,0.956521739,0.956521739,0.956521739,0.956521739
140,0.816967891,0.816411401,0.816948657,0.818300491,0.819694882,0.816803897,0.817090652,0.816901421,0.819832209,0.81917923
141,0.791617632,0.792441947,0.790932473,0.793901768,0.79506004,0.787439113,0.787768186,0.784418455,0.793794321,0.789890736
142,0.879842605,0.845101899,0.879353469,0.840734682,0.840053922,0.855894885,0.842763952,0.845775725,0.846218865,0.845929008
143,0.849671765,0.849530103,0.849629872,0.849439186,0.849316101,0.849373014,0.849103173,0.849274577,0.849587238,0.849608929
144,0.881356024,0.881366997,0.881227965,0.881333856,0.881351006,0.881240835,0.88123961,0.881268951,0.881354166,0.8812035
145,0.956521739,0.956521739,0.956521739,0.956521739,0.956521739,0.956521739,0.956521739,0.956521739,0.956521739,0.956521739
146,0.916971394,0.916141118,0.916973114,0.915452699,0.916206878,0.916843715,0.915901655,0.916064741,0.916918408,0.916929034
147,0.814143921,0.816363125,0.818333382,0.815793416,0.817137224,0.814763116,0.813599793,0.812160449,0.8162842,0.81737766
148,0.808204475,0.799491835,0.841721615,0.811296658,0.812856769,0.842058343,0.811183088,0.80617814,0.811135765,0.812417789
149,0.819071576,0.821668781,0.81902659,0.821949694,0.821927763,0.817727173,0.820465138,0.819650641,0.819084072,0.81930992
150,0.956521739,0.956521739,0.956521739,0.956521739,0.956521739,0.956521739,0.956521739,0.956521739,0.956521739,0.956521739
151,0.956521739,0.956521739,0.956521739,0.956521739,0.956521739,0.956521739,0.956521739,0.956521739,0.956521739,0.956521739
152,0.956521739,0.956521739,0.956521739,0.956521739,0.956521739,0.956521739,0.956521739,0.956521739,0.956521739,0.956521739
153,0.956521739,0.956521739,0.956521739,0.956521739,0.956521739,0.956521739,0.956521739,0.956521739,0.956521739,0.956521739
154,0.956521739,0.956521739,0.956521739,0.956521739,0.956521739,0.956521739,0.956521739,0.956521739,0.956521739,0.956521739
155,0.956521739,0.956521739,0.956521739,0.956521739,0.956521739,0.956521739,0.956521739,0.956521739,0.956521739,0.956521739
156,0.956521739,0.956521739,0.956521739,0.956521739,0.956521739,0.956521739,0.956521739,0.956521739,0.956521739,0.956521739
157,0.956521739,0.956521739,0.956521739,0.956521739,0.956521739,0.956521739,0.956521739,0.956521739,0.956521739,0.956521739
158,0.956521739,0.956521739,0.956521739,0.956521739,0.956521739,0.956521739,0.956521739,0.956521739,0.956521739,0.956521739
159,0.956521739,0.956521739,0.956521739,0.956521739,0.956521739,0.956521739,0.956521739,0.956521739,0.956521739,0.956521739
160,0.956521739,0.956521739,0.956521739,0.956521739,0.956521739,0.956521739,0.956521739,0.956521739,0.956521739,0.956521739
161,0.956521739,0.956521739,0.956521739,0.956521739,0.956521739,0.956521739,0.956521739,0.956521739,0.956521739,0.956521739
162,0.956521739,0.956521739,0.956521739,0.956521739,0.956521739,0.956521739,0.956521739,0.956521739,0.956521739,0.956521739
163,0.956521739,0.956521739,0.956521739,0.956521739,0.956521739,0.956521739,0.956521739,0.956521739,0.956521739,0.956521739
164,0.956521739,0.956521739,0.956521739,0.956521739,0.956521739,0.956521739,0.956521739,0.956521739,0.956521739,0.956521739
165,0.956521739,0.956521739,0.956521739,0.956521739,0.956521739,0.956521739,0.956521739,0.956521739,0.956521739,0.956521739
166,0.956521739,0.956521739,0.956521739,0.956521739,0.956521739,0.956521739,0.956521739,0.956521739,0.956521739,0.956521739
167,0.956521739,0.956521739,0.956521739,0.956521739,0.956521739,0.956521739,0.956521739,0.956521739,0.956521739,0.956521739
168,0.956521739,0.956521739,0.956521739,0.956521739,0.956521739,0.956521739,0.956521739,0.956521739,0.956521739,0.956521739
169,0.956521739,0.956521739,0.956521739,0.956521739,0.956521739,0.956521739,0.956521739,0.956521739,0.956521739,0.956521739
170,0.956521739,0.956521739,0.956521739,0.956521739,0.956521739,0.956521739,0.956521739,0.956521739,0.956521739,0.956521739
171,0.956521739,0.956521739,0.956521739,0.956521739,0.956521739,0.956521739,0.956521739,0.956521739,0.956521739,0.956521739
172,0.956521739,0.956521739,0.956521739,0.956521739,0.956521739,0.956521739,0.956521739,0.956521739,0.956521739,0.956521739
173,0.956521739,0.956521739,0.956521739,0.956521739,0.956521739,0.956521739,0.956521739,0.956521739,0.956521739,0.956521739
174,0.956521739,0.956521739,0.956521739,0.956521739,0.956521739,0.956521739,0.956521739,0.956521739,0.956521739,0.956521739
175,0.956521739,0.956521739,0.956521739,0.956521739,0.956521739,0.956521739,0.956521739,0.956521739,0.956521739,0.956521739
176,0.956521739,0.956521739,0.956521739,0.956521739,0.956521739,0.956521739,0.956521739,0.956521739,0.956521739,0.956521739
177,0.956521739,0.956521739,0.956521739,0.956521739,0.956521739,0.956521739,0.956521739,0.956521739,0.956521739,0.956521739
178,0.956521739,0.956521739,0.956521739,0.956521739,0.956521739,0.956521739,0.956521739,0.956521739,0.956521739,0.956521739
179,0.956521739,0.956521739,0.956521739,0.956521739,0.956521739,0.956521739,0.956521739,0.956521739,0.956521739,0.956521739
180,0.956521739,0.956521739,0.956521739,0.956521739,0.956521739,0.956521739,0.956521739,0.956521739,0.956521739,0.956521739
181,0.956521739,0.956521739,0.956521739,0.956521739,0.956521739,0.956521739,0.956521739,0.956521739,0.956521739,0.956521739
182,0.956521739,0.956521739,0.956521739,0.956521739,0.956521739,0.956521739,0.956521739,0.956521739,0.956521739,0.956521739
183,0.956521739,0.956521739,0.956521739,0.956521739,0.956521739,0.956521739,0.956521739,0.956521739,0.956521739,0.956521739
184,0.956521739,0.956521739,0.956521739,0.956521739,0.956521739,0.956521739,0.956521739,0.956521739,0.956521739,0.956521739
185,0.956521739,0.956521739,0.956521739,0.956521739,0.956521739,0.956521739,0.956521739,0.956521739,0.956521739,0.956521739
186,0.956521739,0.956521739,0.956521739,0.956521739,0.956521739,0.956521739,0.956521739,0.956521739,0.956521739,0.956521739
187,0.956521739,0.956521739,0.956521739,0.956521739,0.956521739,0.956521739,0.956521739,0.956521739,0.956521739,0.956521739
188,0.956521739,0.956521739,0.956521739,0.956521739,0.956521739,0.956521739,0.956521739,0.956521739,0.956521739,0.956521739
189,0.956521739,0.956521739,0.956521739,0.956521739,0.956521739,0.956521739,0.956521739,0.956521739,0.956521739,0.956521739
190,0.956521739,0.956521739,0.956521739,0.956521739,0.956521739,0.956521739,0.956521739,0.956521739,0.956521739,0.956521739
191,0.956521739,0.956521739,0.956521739,0.956521739,0.956521739,0.956521739,0.956521739,0.956521739,0.956521739,0.956521739
192,0.956521739,0.956521739,0.956521739,0.956521739,0.956521739,0.956521739,0.956521739,0.956521739,0.956521739,0.956521739
193,0.956521739,0.956521739,0.956521739,0.956521739,0.956521739,0.956521739,0.956521739,0.956521739,0.956521739,0.956521739
194,0.956521739,0.956521739,0.956521739,0.956521739,0.956521739,0.956521739,0.956521739,0.956521739,0.956521739,0.956521739
195,0.956521739,0.956521739,0.956521739,0.956521739,0.956521739,0.956521739,0.956521739,0.956521739,0.956521739,0.956521739
196,0.956521739,0.956521739,0.956521739,0.956521739,0.956521739,0.956521739,0.956521739,0.956521739,0.956521739,0.956521739
197,0.956521739,0.956521739,0.956521739,0.956521739,0.956521739,0.956521739,0.956521739,0.956521739,0.956521739,0.956521739
198,0.956521739,0.956521739,0.956521739,0.956521739,0.956521739,0.956521739,0.956521739,0.956521739,0.956521739,0.956521739
199,0.956521739,0.956521739,0.956521739,0.956521739,0.956521739,0.956521739,0.956521739,0.956521739,0.956521739,0.956521739
200,0.956521739,0.956521739,0.956521739,0.956521739,0.956521739,0.956521739,0.956521739,0.956521739,0.956521739,0.956521739
201,0.956521739,0.956521739,0.956521739,0.956521739,0.956521739,0.956521739,0.956521739,0.956521739,0.956521739,0.956521739
202,0.956521739,0.956521739,0.956521739,0.956521739,0.956521739,0.956521739,0.956521739,0.956521739,0.956521739,0.956521739
203,0.956521739,0.956521739,0.956521739,0.956521739,0.956521739,0.956521739,0.956521739,0.956521739,0.956521739,0.956521739
204,0.956521739,0.956521739,0.956521739,0.956521739,0.956521739,0.956521739,0.956521739,0.956521739,0.956521739,0.956521739
205,0.956521739,0.956521739,0.956521739,0.956521739,0.956521739,0.956521739,0.956521739,0.956521739,0.956521739,0.956521739
206,0.956521739,0.956521739,0.956521739,0.956521739,0.956521739,0.956521739,0.956521739,0.956521739,0.956521739,0.956521739
207,0.956521739,0.956521739,0.956521739,0.956521739,0.956521739,0.956521739,0.956521739,0.956521739,0.956521739,0.956521739
208,0.956521739,0.956521739,0.956521739,0.956521739,0.956521739,0.956521739,0.956521739,0.956521739,0.956521739,0.956521739
209,0.956521739,0.956521739,0.956521739,0.956521739,0.956521739,0.956521739,0.956521739,0.956521739,0.956521739,0.956521739
210,0.956521739,0.956521739,0.956521739,0.956521739,0.956521739,0.956521739,0.956521739,0.956521739,0.956521739,0.956521739
211,0.956521739,0.956521739,0.956521739,0.956521739,0.956521739,0.956521739,0.956521739,0.956521739,0.956521739,0.956521739
212,0.956521739,0.956521739,0.956521739,0.956521739,0.956521739,0.956521739,0.956521739,0.956521739,0.956521739,0.956521739
213,0.956521739,0.956521739,0.956521739,0.956521739,0.956521739,0.956521739,0.956521739,0.956521739,0.956521739,0.956521739
214,0.956521739,0.956521739,0.956521739,0.956521739,0.956521739,0.956521739,0.956521739,0.956521739,0.956521739,0.956521739
215,0.956521739,0.956521739,0.956521739,0.956521739,0.956521739,0.956521739,0.956521739,0.956521739,0.956521739,0.956521739
216,0.956521739,0.956521739,0.956521739,0.956521739,0.956521739,0.956521739,0.956521739,0.956521739,0.956521739,0.956521739
217,0.956521739,0.956521739,0.956521739,0.956521739,0.956521739,0.956521739,0.956521739,0.956521739,0.956521739,0.956521739
218,0.956521739,0.956521739,0.956521739,0.956521739,0.956521739,0.956521739,0.956521739,0.956521739,0.956521739,0.956521739
219,0.956521739,0.956521739,0.956521739,0.956521739,0.956521739,0.956521739,0.956521739,0.956521739,0.956521739,0.956521739
220,0.956521739,0.956521739,0.956521739,0.956521739,0.956521739,0.956521739,0.956521739,0.956521739,0.956521739,0.956521739
221,0.956521739,0.956521739,0.956521739,0.956521739,0.956521739,0.956521739,0.956521739,0.956521739,0.956521739,0.956521739
222,0.956521739,0.956521739,0.956521739,0.956521739,0.956521739,0.956521739,0.956521739,0.956521739,0.956521739,0.956521739
223,0.956521739,0.956521739,0.956521739,0.956521739,0.956521739,0.956521739,0.956521739,0.956521739,0.956521739,0.956521739
224,0.956521739,0.956521739,0.956521739,0.956521739,0.956521739,0.956521739,0.956521739,0.956521739,0.956521739,0.956521739
225,0.956521739,0.956521739,0.956521739,0.956521739,0.956521739,0.956521739,0.956521739,0.956521739,0.956521739,0.956521739
226,0.956521739,0.956521739,0.956521739,0.956521739,0.956521739,0.956521739,0.956521739,0.956521739,0.956521739,0.956521739
227,0.956521739,0.956521739,0.956521739,0.956521739,0.956521739,0.956521739,0.956521739,0.956521739,0.956521739,0.956521739
228,0.956521739,0.956521739,0.956521739,0.956521739,0.956521739,0.956521739,0.956521739,0.956521739,0.956521739,0.956521739
229,0.956521739,0.956521739,0.956521739,0.956521739,0.956521739,0.956521739,0.956521739,0.956521739,0.956521739,0.956521739
230,0.956521739,0.956521739,0.956521739,0.956521739,0.956521739,0.956521739,0.956521739,0.956521739,0.956521739,0.956521739
231,0.956521739,0.956521739,0.956521739,0.956521739,0.956521739,0.956521739,0.956521739,0.956521739,0.956521739,0.956521739
232,0.956521739,0.956521739,0.956521739,0.956521739,0.956521739,0.956521739,0.956521739,0.956521739,0.956521739,0.956521739
233,0.956521739,0.956521739,0.956521739,0.956521739,0.956521739,0.956521739,0.956521739,0.956521739,0.956521739,0.956521739
234,0.956521739,0.956521739,0.956521739,0.956521739,0.956521739,0.956521739,0.956521739,0.956521739,0.956521739,0.956521739
235,0.956521739,0.956521739,0.956521739,0.956521739,0.956521739,0.956521739,0.956521739,0.956521739,0.956521739,0.956521739
236,0.956521739,0.956521739,0.956521739,0.956521739,0.956521739,0.956521739,0.956521739,0.956521739,0.956521739,0.956521739
237,0.956521739,0.956521739,0.956521739,0.956521739,0.956521739,0.956521739,0.956521739,0.956521739,0.956521739,0.956521739
238,0.956521739,0.956521739,0.956521739,0.956521739,0.956521739,0.956521739,0.956521739,0.956521739,0.956521739,0.956521739
239,0.956521739,0.956521739,0.956521739,0.956521739,0.956521739,0.956521739,0.956521739,0.956521739,0.956521739,0.956521739
240,0.956521739,0.956521739,0.956521739,0.956521739,0.956521739,0.956521739,0.956521739,0.956521739,0.956521739,0.956521739
241,0.956521739,0.956521739,0.956521739,0.956521739,0.956521739,0.956521739,0.956521739,0.956521739,0.956521739,0.956521739
242,0.956521739,0.956521739,0.956521739,0.956521739,0.956521739,0.956521739,0.956521739,0.956521739,0.956521739,0.956521739
243,0.956521739,0.956521739,0.956521739,0.956521739,0.956521739,0.956521739,0.956521739,0.956521739,0.956521739,0.956521739
244,0.956521739,0.956521739,0.956521739,0.956521739,0.956521739,0.956521739,0.956521739,0.956521739,0.956521739,0.956521739
245,0.956521739,0.956521739,0.956521739,0.956521739,0.956521739,0.956521739,0.956521739,0.956521739,0.956521739,0.956521739
246,0.956521739,0.956521739,0.956521739,0.956521739,0.956521739,0.956521739,0.956521739,0.956521739,0.956521739,0.956521739
247,0.956521739,0.956521739,0.956521739,0.956521739,0.956521739,0.956521739,0.956521739,0.956521739,0.956521739,0.956521739
248,0.956521739,0.956521739,0.956521739,0.956521739,0.956521739,0.956521739,0.956521739,0.956521739,0.956521739,0.956521739
249,0.956521739,0.956521739,0.956521739,0.956521739,0.956521739,0.956521739,0.956521739,0.956521739,0.956521739,0.956521739
250,0.956521739,0.956521739,0.956521739,0.956521739,0.956521739,0.956521739,0.956521739,0.956521739,0.956521739,0.956521739
251,0.956521739,0.956521739,0.956521739,0.956521739,0.956521739,0.956521739,0.956521739,0.956521739,0.956521739,0.956521739
252,0.956521739,0.956521739,0.956521739,0.956521739,0.956521739,0.956521739,0.956521739,0.956521739,0.956521739,0.956521739
253,0.956521739,0.956521739,0.956521739,0.956521739,0.956521739,0.956521739,0.956521739,0.956521739,0.956521739,0.956521739
254,0.956521739,0.956521739,0.956521739,0.956521739,0.956521739,0.956521739,0.956521739,0.956521739,0.956521739,0.956521739
255,0.956521739,0.956521739,0.956521739,0.956521739,0.956521739,0.956521739,0.956521739,0.956521739,0.956521739,0.956521739
256,0.956521739,0.956521739,0.956521739,0.956521739,0.956521739,0.956521739,0.956521739,0.956521739,0.956521739,0.956521739
257,0.956521739,0.956521739,0.956521739,0.956521739,0.956521739,0.956521739,0.956521739,0.956521739,0.956521739,0.956521739
258,0.956521739,0.956521739,0.956521739,0.956521739,0.956521739,0.956521739,0.956521739,0.956521739,0.956521739,0.956521739
259,0.956521739,0.956521739,0.956521739,0.956521739,0.956521739,0.956521739,0.956521739,0.956521739,0.956521739,0.956521739
260,0.956521739,0.956521739,0.956521739,0.956521739,0.956521739,0.956521739,0.956521739,0.956521739,0.956521739,0.956521739
261,0.956521739,0.956521739,0.956521739,0.956521739,0.956521739,0.956521739,0.956521739,0.956521739,0.956521739,0.956521739
262,0.956521739,0.956521739,0.956521739,0.956521739,0.956521739,0.956521739,0.956521739,0.956521739,0.956521739,0.956521739
263,0.956521739,0.956521739,0.956521739,0.956521739,0.956521739,0.956521739,0.956521739,0.956521739,0.956521739,0.956521739
264,0.956521739,0.956521739,0.956521739,0.956521739,0.956521739,0.956521739,0.956521739,0.956521739,0.956521739,0.956521739
265,0.956521739,0.956521739,0.956521739,0.956521739,0.956521739,0.956521739,0.956521739,0.956521739,0.956521739,0.956521739
266,0.956521739,0.956521739,0.956521739,0.956521739,0.956521739,0.956521739,0.956521739,0.956521739,0.956521739,0.956521739
267,0.956521739,0.956521739,0.956521739,0.956521739,0.956521739,0.956521739,0.956521739,0.956521739,0.956521739,0.956521739
268,0.956521739,0.956521739,0.956521739,0.956521739,0.956521739,0.956521739,0.956521739,0.956521739,0.956521739,0.956521739
269,0.956521739,0.956521739,0.956521739,0.956521739,0.956521739,0.956521739,0.956521739,0.956521739,0.956521739,0.956521739
270,0.956521739,0.956521739,0.956521739,0.956521739,0.956521739,0.956521739,0.956521739,0.956521739,0.956521739,0.956521739
271,0.956521739,0.956521739,0.956521739,0.956521739,0.956521739,0.956521739,0.956521739,0.956521739,0.956521739,0.956521739
272,0.956521739,0.956521739,0.956521739,0.956521739,0.956521739,0.956521739,0.956521739,0.956521739,0.956521739,0.956521739
273,0.956521739,0.956521739,0.956521739,0.956521739,0.956521739,0.956521739,0.956521739,0.956521739,0.956521739,0.956521739
274,0.956521739,0.956521739,0.956521739,0.956521739,0.956521739,0.956521739,0.956521739,0.956521739,0.956521739,0.956521739
275,0.956521739,0.956521739,0.956521739,0.956521739,0.956521739,0.956521739,0.956521739,0.956521739,0.956521739,0.956521739
276,0.956521739,0.956521739,0.956521739,0.956521739,0.956521739,0.956521739,0.956521739,0.956521739,0.956521739,0.956521739
277,0.956521739,0.956521739,0.956521739,0.956521739,0.956521739,0.956521739,0.956521739,0.956521739,0.956521739,0.956521739
278,0.956521739,0.956521739,0.956521739,0.956521739,0.956521739,0.956521739,0.956521739,0.956521739,0.956521739,0.956521739
279,0.956521739,0.956521739,0.956521739,0.956521739,0.956521739,0.956521739,0.956521739,0.956521739,0.956521739,0.956521739
280,0.956521739,0.956521739,0.956521739,0.956521739,0.956521739,0.956521739,0.956521739,0.956521739,0.956521739,0.956521739
281,0.956521739,0.956521739,0.956521739,0.956521739,0.956521739,0.956521739,0.956521739,0.956521739,0.956521739,0.956521739
282,0.956521739,0.956521739,0.956521739,0.956521739,0.956521739,0.956521739,0.956521739,0.956521739,0.956521739,0.956521739
283,0.956521739,0.956521739,0.956521739,0.956521739,0.956521739,0.956521739,0.956521739,0.956521739,0.956521739,0.956521739
284,0.956521739,0.956521739,0.956521739,0.956521739,0.956521739,0.956521739,0.956521739,0.956521739,0.956521739,0.956521739
285,0.956521739,0.956521739,0.956521739,0.956521739,0.956521739,0.956521739,0.956521739,0.956521739,0.956521739,0.956521739
286,0.956521739,0.956521739,0.956521739,0.956521739,0.956521739,0.956521739,0.956521739,0.956521739,0.956521739,0.956521739
287,0.956521739,0.956521739,0.956521739,0.956521739,0.956521739,0.956521739,0.956521739,0.956521739,0.956521739,0.956521739
288,0.956521739,0.956521739,0.956521739,0.956521739,0.956521739,0.956521739,0.956521739,0.956521739,0.956521739,0.956521739
289,0.956521739,0.956521739,0.956521739,0.956521739,0.956521739,0.956521739,0.956521739,0.956521739,0.956521739,0.956521739
290,0.956521739,0.956521739,0.956521739,0.956521739,0.956521739,0.956521739,0.956521739,0.956521739,0.956521739,0.956521739
291,0.956521739,0.956521739,0.956521739,0.956521739,0.956521739,0.956521739,0.956521739,0.956521739,0.956521739,0.956521739
292,0.956521739,0.956521739,0.956521739,0.956521739,0.956521739,0.956521739,0.956521739,0.956521739,0.956521739,0.956521739
293,0.956521739,0.956521739,0.956521739,0.956521739,0.956521739,0.956521739,0.956521739,0.956521739,0.956521739,0.956521739
294,0.956521739,0.956521739,0.956521739,0.956521739,0.956521739,0.956521739,0.956521739,0.956521739,0.956521739,0.956521739
295,0.956521739,0.956521739,0.956521739,0.956521739,0.956521739,0.956521739,0.956521739,0.956521739,0.956521739,0.956521739
296,0.956521739,0.956521739,0.956521739,0.956521739,0.956521739,0.956521739,0.956521739,0.956521739,0.956521739,0.956521739
297,0.956521739,0.956521739,0.956521739,0.956521739,0.956521739,0.956521739,0.956521739,0.956521739,0.956521739,0.956521739
298,0.956521739,0.956521739,0.956521739,0.956521739,0.956521739,0.956521739,0.956521739,0.956521739,0.956521739,0.956521739
299,0.956521739,0.956521739,0.956521739,0.956521739,0.956521739,0.956521739,0.956521739,0.956521739,0.956521739,0.956521739
300,0.956521739,0.956521739,0.956521739,0.956521739,0.956521739,0.956521739,0.956521739,0.956521739,0.956521739,0.956521739
301,0.956521739,0.956521739,0.956521739,0.956521739,0.956521739,0.956521739,0.956521739,0.956521739,0.956521739,0.956521739
302,0.956521739,0.956521739,0.956521739,0.956521739,0.956521739,0.956521739,0.956521739,0.956521739,0.956521739,0.956521739
303,0.956521739,0.956521739,0.956521739,0.956521739,0.956521739,0.956521739,0.956521739,0.956521739,0.956521739,0.956521739
304,0.956521739,0.956521739,0.956521739,0.956521739,0.956521739,0.956521739,0.956521739,0.956521739,0.956521739,0.956521739
305,0.956521739,0.956521739,0.956521739,0.956521739,0.956521739,0.956521739,0.956521739,0.956521739,0.956521739,0.956521739
306,0.956521739,0.956521739,0.956521739,0.956521739,0.956521739,0.956521739,0.956521739,0.956521739,0.956521739,0.956521739
307,0.956521739,0.956521739,0.956521739,0.956521739,0.956521739,0.956521739,0.956521739,0.956521739,0.956521739,0.956521739
308,0.956521739,0.956521739,0.956521739,0.956521739,0.956521739,0.956521739,0.956521739,0.956521739,0.956521739,0.956521739
309,0.956521739,0.956521739,0.956521739,0.956521739,0.956521739,0.956521739,0.956521739,0.956521739,0.956521739,0.956521739
310,0.956521739,0.956521739,0.956521739,0.956521739,0.956521739,0.956521739,0.956521739,0.956521739,0.956521739,0.956521739
311,0.956521739,0.956521739,0.956521739,0.956521739,0.956521739,0.956521739,0.956521739,0.956521739,0.956521739,0.956521739
312,0.956521739,0.956521739,0.956521739,0.956521739,0.956521739,0.956521739,0.956521739,0.956521739,0.956521739,0.956521739
313,0.956521739,0.956521739,0.956521739,0.956521739,0.956521739,0.956521739,0.956521739,0.956521739,0.956521739,0.956521739
314,0.956521739,0.956521739,0.956521739,0.956521739,0.956521739,0.956521739,0.956521739,0.956521739,0.956521739,0.956521739
315,0.956521739,0.956521739,0.956521739,0.956521739,0.956521739,0.956521739,0.956521739,0.956521739,0.956521739,0.956521739
316,0.956521739,0.956521739,0.956521739,0.956521739,0.956521739,0.956521739,0.956521739,0.956521739,0.956521739,0.956521739
317,0.956521739,0.956521739,0.956521739,0.956521739,0.956521739,0.956521739,0.956521739,0.956521739,0.956521739,0.956521739
318,0.956521739,0.956521739,0.956521739,0.956521739,0.956521739,0.956521739,0.956521739,0.956521739,0.956521739,0.956521739
319,0.956521739,0.956521739,0.956521739,0.956521739,0.956521739,0.956521739,0.956521739,0.956521739,0.956521739,0.956521739
320,0.956521739,0.956521739,0.956521739,0.956521739,0.956521739,0.956521739,0.956521739,0.956521739,0.956521739,0.956521739
321,0.956521739,0.956521739,0.956521739,0.956521739,0.956521739,0.956521739,0.956521739,0.956521739,0.956521739,0.956521739
322,0.956521739,0.956521739,0.956521739,0.956521739,0.956521739,0.956521739,0.956521739,0.956521739,0.956521739,0.956521739
323,0.956521739,0.956521739,0.956521739,0.956521739,0.956521739,0.956521739,0.956521739,0.956521739,0.956521739,0.956521739
324,0.956521739,0.956521739,0.956521739,0.956521739,0.956521739,0.956521739,0.956521739,0.956521739,0.956521739,0.956521739
325,0.956521739,0.956521739,0.956521739,0.956521739,0.956521739,0.956521739,0.956521739,0.956521739,0.956521739,0.956521739
326,0.956521739,0.956521739,0.956521739,0.956521739,0.956521739,0.956521739,0.956521739,0.956521739,0.956521739,0.956521739
327,0.956521739,0.956521739,0.956521739,0.956521739,0.956521739,0.956521739,0.956521739,0.956521739,0.956521739,0.956521739
328,0.956521739,0.956521739,0.956521739,0.956521739,0.956521739,0.956521739,0.956521739,0.956521739,0.956521739,0.956521739
329,0.956521739,0.956521739,0.956521739,0.956521739,0.956521739,0.956521739,0.956521739,0.956521739,0.956521739,0.956521739
330,0.956521739,0.956521739,0.956521739,0.956521739,0.956521739,0.956521739,0.956521739,0.956521739,0.956521739,0.956521739
331,0.956521739,0.956521739,0.956521739,0.956521739,0.956521739,0.956521739,0.956521739,0.956521739,0.956521739,0.956521739
332,0.956521739,0.956521739,0.956521739,0.956521739,0.956521739,0.956521739,0.956521739,0.956521739,0.956521739,0.956521739
333,0.956521739,0.956521739,0.956521739,0.956521739,0.956521739,0.956521739,0.956521739,0.956521739,0.956521739,0.956521739
334,0.956521739,0.956521739,0.956521739,0.956521739,0.956521739,0.956521739,0.956521739,0.956521739,0.956521739,0.956521739
335,0.956521739,0.956521739,0.956521739,0.956521739,0.956521739,0.956521739,0.956521739,0.956521739,0.956521739,0.956521739
336,0.956521739,0.956521739,0.956521739,0.956521739,0.956521739,0.956521739,0.956521739,0.956521739,0.956521739,0.956521739
337,0.956521739,0.956521739,0.956521739,0.956521739,0.956521739,0.956521739,0.956521739,0.956521739,0.956521739,0.956521739
338,0.956521739,0.956521739,0.956521739,0.956521739,0.956521739,0.956521739,0.956521739,0.956521739,0.956521739,0.956521739
339,0.956521739,0.956521739,0.956521739,0.956521739,0.956521739,0.956521739,0.956521739,0.956521739,0.956521739,0.956521739
340,0.956521739,0.956521739,0.956521739,0.956521739,0.956521739,0.956521739,0.956521739,0.956521739,0.956521739,0.956521739
341,0.956521739,0.956521739,0.956521739,0.956521739,0.956521739,0.956521739,0.956521739,0.956521739,0.956521739,0.956521739
342,0.916996047,0.916798419,0.916996047,0.91687253,0.916996047,0.916996047,0.916996047,0.916996047,0.91694664,0.916996047
343,0.956521739,0.956521739,0.956521739,0.956521739,0.956521739,0.956521739,0.956521739,0.956521739,0.956521739,0.956521739
344,0.788289836,0.759445626,0.792150862,0.759488715,0.762729322,0.798888085,0.761350333,0.766500744,0.766801397,0.766219997
345,0.916986096,0.837604012,0.916986096,0.841630087,0.842669871,0.8501898,0.83916906,0.843053549,0.841338204,0.844228377
346,0.849802372,0.846239162,0.846730449,0.846425868,0.846350425,0.845777668,0.847366759,0.846681236,0.847478434,0.848545715
347,0.956521739,0.956521739,0.956521739,0.956521739,0.956521739,0.956521739,0.956521739,0.956521739,0.956521739,0.956521739
348,0.916996047,0.915009822,0.916996047,0.916954504,0.915897122,0.919541956,0.915705824,0.916994067,0.915787789,0.916895552
349,0.916994446,0.916996047,0.916996047,0.879431293,0.877900373,0.916996047,0.882466927,0.877461908,0.881421366,0.881274551
350,0.956521739,0.956521739,0.956521739,0.956521739,0.956521739,0.956521739,0.956521739,0.956521739,0.956521739,0.956521739
351,0.956521739,0.956521739,0.956521739,0.956521739,0.956521739,0.956521739,0.956521739,0.956521739,0.956521739,0.956521739
352,0.956521739,0.956521739,0.956521739,0.956521739,0.956521739,0.956521739,0.956521739,0.956521739,0.956521739,0.956521739
353,0.956521739,0.956521739,0.956521739,0.956521739,0.956521739,0.956521739,0.956521739,0.956521739,0.956521739,0.956521739
354,0.956521739,0.956521739,0.956521739,0.956521739,0.956521739,0.956521739,0.956521739,0.956521739,0.956521739,0.956521739
355,0.956521739,0.956521739,0.956521739,0.956521739,0.956521739,0.956521739,0.956521739,0.956521739,0.956521739,0.956521739
356,0.956521739,0.956521739,0.956521739,0.956521739,0.956521739,0.956521739,0.956521739,0.956521739,0.956521739,0.956521739
357,0.956521739,0.956521739,0.956521739,0.956521739,0.956521739,0.956521739,0.956521739,0.956521739,0.956521739,0.956521739
358,0.956521739,0.956521739,0.956521739,0.956521739,0.956521739,0.956521739,0.956521739,0.956521739,0.956521739,0.956521739
359,0.956521739,0.956521739,0.956521739,0.956521739,0.956521739,0.956521739,0.956521739,0.956521739,0.956521739,0.956521739
360,0.956521739,0.956521739,0.956521739,0.956521739,0.956521739,0.956521739,0.956521739,0.956521739,0.956521739,0.956521739
361,0.956521739,0.956521739,0.956521739,0.956521739,0.956521739,0.956521739,0.956521739,0.956521739,0.956521739,0.956521739
362,0.956521739,0.956521739,0.956521739,0.956521739,0.956521739,0.956521739,0.956521739,0.956521739,0.956521739,0.956521739
363,0.956521739,0.956521739,0.956521739,0.956521739,0.956521739,0.956521739,0.956521739,0.956521739,0.956521739,0.956521739
364,0.956521739,0.956521739,0.956521739,0.956521739,0.956521739,0.956521739,0.956521739,0.956521739,0.956521739,0.956521739
365,0.956521739,0.956521739,0.956521739,0.956521739,0.956521739,0.956521739,0.956521739,0.956521739,0.956521739,0.956521739
366,0.956521739,0.956521739,0.956521739,0.956521739,0.956521739,0.956521739,0.956521739,0.956521739,0.956521739,0.956521739
367,0.956521739,0.956521739,0.956521739,0.956521739,0.956521739,0.956521739,0.956521739,0.956521739,0.956521739,0.956521739
368,0.956521739,0.956521739,0.956521739,0.956521739,0.956521739,0.956521739,0.956521739,0.956521739,0.956521739,0.956521739
369,0.849514555,0.849090674,0.849697695,0.849187028,0.849236262,0.848922509,0.848048432,0.849434492,0.849085194,0.849468544
370,0.84978683,0.849596074,0.849650192,0.849786253,0.849737656,0.849646895,0.849693568,0.849761601,0.849743301,0.849551101
371,0.849798758,0.849600078,0.849802372,0.849708218,0.849752979,0.849801564,0.849695642,0.849674678,0.849802348,0.84979649
372,0.881422925,0.877467759,0.881377062,0.880367423,0.879932373,0.878657759,0.879224627,0.879267275,0.879658715,0.880858118
373,0.956521739,0.956521739,0.956521739,0.956521739,0.956521739,0.956521739,0.956521739,0.956521739,0.956521739,0.956521739
374,0.956521739,0.956521739,0.956521739,0.956521739,0.956521739,0.956521739,0.956521739,0.956521739,0.956521739,0.956521739
375,0.956521739,0.956521739,0.956521739,0.956521739,0.956521739,0.956521739,0.956521739,0.956521739,0.956521739,0.956521739
376,0.956521739,0.956521739,0.956521739,0.956521739,0.956521739,0.956521739,0.956521739,0.956521739,0.956521739,0.956521739
377,0.956521739,0.956521739,0.956521739,0.956521739,0.956521739,0.956521739,0.956521739,0.956521739,0.956521739,0.956521739
378,0.956521739,0.956521739,0.956521739,0.956521739,0.956521739,0.956521739,0.956521739,0.956521739,0.956521739,0.956521739
379,0.956521739,0.956521739,0.956521739,0.956521739,0.956521739,0.956521739,0.956521739,0.956521739,0.956521739,0.956521739
380,0.956521739,0.956521739,0.956521739,0.956521739,0.956521739,0.956521739,0.956521739,0.956521739,0.956521739,0.956521739
381,0.956521739,0.956521739,0.956521739,0.956521739,0.956521739,0.956521739,0.956521739,0.956521739,0.956521739,0.956521739
382,0.956521739,0.956521739,0.956521739,0.956521739,0.956521739,0.956521739,0.956521739,0.956521739,0.956521739,0.956521739
383,0.956521739,0.956521739,0.956521739,0.956521739,0.956521739,0.956521739,0.956521739,0.956521739,0.956521739,0.956521739
384,0.956521739,0.956521739,0.956521739,0.956521739,0.956521739,0.956521739,0.956521739,0.956521739,0.956521739,0.956521739
385,0.956521739,0.956521739,0.956521739,0.956521739,0.956521739,0.956521739,0.956521739,0.956521739,0.956521739,0.956521739
386,0.956521739,0.956521739,0.956521739,0.956521739,0.956521739,0.956521739,0.956521739,0.956521739,0.956521739,0.956521739
387,0.956521739,0.956521739,0.956521739,0.956521739,0.956521739,0.956521739,0.956521739,0.956521739,0.956521739,0.956521739
388,0.956521739,0.956521739,0.956521739,0.956521739,0.956521739,0.956521739,0.956521739,0.956521739,0.956521739,0.956521739
389,0.956521739,0.956521739,0.956521739,0.956521739,0.956521739,0.956521739,0.956521739,0.956521739,0.956521739,0.956521739
390,0.956521739,0.956521739,0.956521739,0.956521739,0.956521739,0.956521739,0.956521739,0.956521739,0.956521739,0.956521739
391,0.956521739,0.956521739,0.956521739,0.956521739,0.956521739,0.956521739,0.956521739,0.956521739,0.956521739,0.956521739
392,0.956521739,0.956521739,0.956521739,0.956521739,0.956521739,0.956521739,0.956521739,0.956521739,0.956521739,0.956521739
393,0.956521739,0.956521739,0.956521739,0.956521739,0.956521739,0.956521739,0.956521739,0.956521739,0.956521739,0.956521739
394,0.956521739,0.956521739,0.956521739,0.956521739,0.956521739,0.956521739,0.956521739,0.956521739,0.956521739,0.956521739
395,0.956521739,0.956521739,0.956521739,0.956521739,0.956521739,0.956521739,0.956521739,0.956521739,0.956521739,0.956521739
396,0.844851603,0.841829266,0.845748972,0.84340071,0.846727873,0.849326037,0.847291895,0.846606624,0.846600384,0.849070879
397,0.878458498,0.878458498,0.878458498,0.878548329,0.878439495,0.878557312,0.878754004,0.87944164,0.879141215,0.879050683
398,0.956521739,0.956521739,0.956521739,0.956521739,0.956521739,0.956521739,0.956521739,0.956521739,0.956521739,0.956521739
399,0.956521739,0.956521739,0.956521739,0.956521739,0.956521739,0.956521739,0.956521739,0.956521739,0.956521739,0.956521739
400,0.956521739,0.956521739,0.956521739,0.956521739,0.956521739,0.956521739,0.956521739,0.956521739,0.956521739,0.956521739
401,0.956521739,0.956521739,0.956521739,0.956521739,0.956521739,0.956521739,0.956521739,0.956521739,0.956521739,0.956521739
402,0.956521739,0.956521739,0.956521739,0.956521739,0.956521739,0.956521739,0.956521739,0.956521739,0.956521739,0.956521739
403,0.956521739,0.956521739,0.956521739,0.956521739,0.956521739,0.956521739,0.956521739,0.956521739,0.956521739,0.956521739
404,0.956521739,0.956521739,0.956521739,0.956521739,0.956521739,0.956521739,0.956521739,0.956521739,0.956521739,0.956521739
405,0.956521739,0.956521739,0.956521739,0.956521739,0.956521739,0.956521739,0.956521739,0.956521739,0.956521739,0.956521739
406,0.956521739,0.956521739,0.956521739,0.956521739,0.956521739,0.956521739,0.956521739,0.956521739,0.956521739,0.956521739
407,0.956521739,0.956521739,0.956521739,0.956521739,0.956521739,0.956521739,0.956521739,0.956521739,0.956521739,0.956521739
408,0.956521739,0.956521739,0.956521739,0.956521739,0.956521739,0.956521739,0.956521739,0.956521739,0.956521739,0.956521739
409,0.956521739,0.956521739,0.956521739,0.956521739,0.956521739,0.956521739,0.956521739,0.956521739,0.956521739,0.956521739
410,0.956521739,0.956521739,0.956521739,0.956521739,0.956521739,0.956521739,0.956521739,0.956521739,0.956521739,0.956521739
411,0.956521739,0.956521739,0.956521739,0.956521739,0.956521739,0.956521739,0.956521739,0.956521739,0.956521739,0.956521739
412,0.956521739,0.956521739,0.956521739,0.956521739,0.956521739,0.956521739,0.956521739,0.956521739,0.956521739,0.956521739
413,0.956521739,0.956521739,0.956521739,0.956521739,0.956521739,0.956521739,0.956521739,0.956521739,0.956521739,0.956521739
414,0.956521739,0.956521739,0.956521739,0.956521739,0.956521739,0.956521739,0.956521739,0.956521739,0.956521739,0.956521739
415,0.956521739,0.956521739,0.956521739,0.956521739,0.956521739,0.956521739,0.956521739,0.956521739,0.956521739,0.956521739
416,0.956521739,0.956521739,0.956521739,0.956521739,0.956521739,0.956521739,0.956521739,0.956521739,0.956521739,0.956521739
417,0.956521739,0.956521739,0.956521739,0.956521739,0.956521739,0.956521739,0.956521739,0.956521739,0.956521739,0.956521739
418,0.956521739,0.956521739,0.956521739,0.956521739,0.956521739,0.956521739,0.956521739,0.956521739,0.956521739,0.956521739
419,0.956521739,0.956521739,0.956521739,0.956521739,0.956521739,0.956521739,0.956521739,0.956521739,0.956521739,0.956521739
420,0.956521739,0.956521739,0.956521739,0.956521739,0.956521739,0.956521739,0.956521739,0.956521739,0.956521739,0.956521739
421,0.956521739,0.956521739,0.956521739,0.956521739,0.956521739,0.956521739,0.956521739,0.956521739,0.956521739,0.956521739
422,0.956521739,0.956521739,0.956521739,0.956521739,0.956521739,0.956521739,0.956521739,0.956521739,0.956521739,0.956521739
423,0.956521739,0.956521739,0.956521739,0.956521739,0.956521739,0.956521739,0.956521739,0.956521739,0.956521739,0.956521739
424,0.956521739,0.956521739,0.956521739,0.956521739,0.956521739,0.956521739,0.956521739,0.956521739,0.956521739,0.956521739
425,0.956521739,0.956521739,0.956521739,0.956521739,0.956521739,0.956521739,0.956521739,0.956521739,0.956521739,0.956521739
426,0.956521739,0.956521739,0.956521739,0.956521739,0.956521739,0.956521739,0.956521739,0.956521739,0.956521739,0.956521739
427,0.956521739,0.956521739,0.956521739,0.956521739,0.956521739,0.956521739,0.956521739,0.956521739,0.956521739,0.956521739
428,0.956521739,0.956521739,0.956521739,0.956521739,0.956521739,0.956521739,0.956521739,0.956521739,0.956521739,0.956521739
429,0.956521739,0.956521739,0.956521739,0.956521739,0.956521739,0.956521739,0.956521739,0.956521739,0.956521739,0.956521739
430,0.956521739,0.956521739,0.956521739,0.956521739,0.956521739,0.956521739,0.956521739,0.956521739,0.956521739,0.956521739
431,0.956521739,0.956521739,0.956521739,0.956521739,0.956521739,0.956521739,0.956521739,0.956521739,0.956521739,0.956521739
432,0.956521739,0.956521739,0.956521739,0.956521739,0.956521739,0.956521739,0.956521739,0.956521739,0.956521739,0.956521739
433,0.956521739,0.956521739,0.956521739,0.956521739,0.956521739,0.956521739,0.956521739,0.956521739,0.956521739,0.956521739
434,0.956521739,0.956521739,0.956521739,0.956521739,0.956521739,0.956521739,0.956521739,0.956521739,0.956521739,0.956521739
435,0.956521739,0.956521739,0.956521739,0.956521739,0.956521739,0.956521739,0.956521739,0.956521739,0.956521739,0.956521739
436,0.956521739,0.956521739,0.956521739,0.956521739,0.956521739,0.956521739,0.956521739,0.956521739,0.956521739,0.956521739
437,0.956521739,0.956521739,0.956521739,0.956521739,0.956521739,0.956521739,0.956521739,0.956521739,0.956521739,0.956521739
438,0.956521739,0.956521739,0.956521739,0.956521739,0.956521739,0.956521739,0.956521739,0.956521739,0.956521739,0.956521739
439,0.956521739,0.956521739,0.956521739,0.956521739,0.956521739,0.956521739,0.956521739,0.956521739,0.956521739,0.956521739
440,0.956521739,0.956521739,0.956521739,0.956521739,0.956521739,0.956521739,0.956521739,0.956521739,0.956521739,0.956521739
441,0.956521739,0.956521739,0.956521739,0.956521739,0.956521739,0.956521739,0.956521739,0.956521739,0.956521739,0.956521739
442,0.956521739,0.956521739,0.956521739,0.956521739,0.956521739,0.956521739,0.956521739,0.956521739,0.956521739,0.956521739
443,0.956521739,0.956521739,0.956521739,0.956521739,0.956521739,0.956521739,0.956521739,0.956521739,0.956521739,0.956521739
444,0.956521739,0.956521739,0.956521739,0.956521739,0.956521739,0.956521739,0.956521739,0.956521739,0.956521739,0.956521739
445,0.956521739,0.956521739,0.956521739,0.956521739,0.956521739,0.956521739,0.956521739,0.956521739,0.956521739,0.956521739
446,0.956521739,0.956521739,0.956521739,0.956521739,0.956521739,0.956521739,0.956521739,0.956521739,0.956521739,0.956521739
447,0.956521739,0.956521739,0.956521739,0.956521739,0.956521739,0.956521739,0.956521739,0.956521739,0.956521739,0.956521739
448,0.956521739,0.956521739,0.956521739,0.956521739,0.956521739,0.956521739,0.956521739,0.956521739,0.956521739,0.956521739
449,0.916996047,0.916986769,0.916996047,0.916996047,0.916996047,0.91699329,0.916996047,0.916996047,0.916995128,0.916996047
450,0.956521739,0.956521739,0.956521739,0.956521739,0.956521739,0.956521739,0.956521739,0.956521739,0.956521739,0.956521739
451,0.916501728,0.916004905,0.916490567,0.916995054,0.916986622,0.915153561,0.915918549,0.9167128,0.915843073,0.915741573
452,0.841874609,0.840701144,0.845760793,0.807777521,0.806375055,0.836975756,0.808081417,0.810204457,0.813493994,0.814097175
453,0.956521739,0.956521739,0.956521739,0.956521739,0.956521739,0.956521739,0.956521739,0.956521739,0.956521739,0.956521739
454,0.956521739,0.956521739,0.956521739,0.956521739,0.956521739,0.956521739,0.956521739,0.956521739,0.956521739,0.956521739
455,0.879402656,0.916970339,0.916979393,0.879441814,0.879446627,0.883193783,0.879400592,0.879446627,0.881394665,0.880741578
456,0.916996047,0.916996047,0.916996047,0.916886948,0.916995846,0.916996047,0.91652084,0.916124869,0.916996047,0.916996047
457,0.956521739,0.956521739,0.956521739,0.956521739,0.956521739,0.956521739,0.956521739,0.956521739,0.956521739,0.956521739
458,0.916996047,0.916370526,0.916992063,0.916978207,0.916961393,0.916644273,0.916798118,0.91687501,0.915989067,0.916895451
459,0.916989137,0.91696831,0.916996047,0.91697955,0.916969826,0.916954613,0.916965958,0.916986339,0.91698688,0.916956233
460,0.956521739,0.956521739,0.956521739,0.956521739,0.956521739,0.956521739,0.956521739,0.956521739,0.956521739,0.956521739
461,0.956521739,0.956521739,0.956521739,0.956521739,0.956521739,0.956521739,0.956521739,0.956521739,0.956521739,0.956521739
462,0.956521739,0.956521739,0.956521739,0.956521739,0.956521739,0.956521739,0.956521739,0.956521739,0.956521739,0.956521739
463,0.956521739,0.956521739,0.956521739,0.956521739,0.956521739,0.956521739,0.956521739,0.956521739,0.956521739,0.956521739
464,0.956521739,0.956521739,0.956521739,0.956521739,0.956521739,0.956521739,0.956521739,0.956521739,0.956521739,0.956521739
465,0.956521739,0.956521739,0.956521739,0.956521739,0.956521739,0.956521739,0.956521739,0.956521739,0.956521739,0.956521739
466,0.956521739,0.956521739,0.956521739,0.956521739,0.956521739,0.956521739,0.956521739,0.956521739,0.956521739,0.956521739
467,0.956521739,0.956521739,0.956521739,0.956521739,0.956521739,0.956521739,0.956521739,0.956521739,0.956521739,0.956521739
468,0.956521739,0.956521739,0.956521739,0.956521739,0.956521739,0.956521739,0.956521739,0.956521739,0.956521739,0.956521739
469,0.956521739,0.956521739,0.956521739,0.956521739,0.956521739,0.956521739,0.956521739,0.956521739,0.956521739,0.956521739
470,0.956521739,0.956521739,0.956521739,0.956521739,0.956521739,0.956521739,0.956521739,0.956521739,0.956521739,0.956521739
471,0.956521739,0.956521739,0.956521739,0.956521739,0.956521739,0.956521739,0.956521739,0.956521739,0.956521739,0.956521739
472,0.956521739,0.956521739,0.956521739,0.956521739,0.956521739,0.956521739,0.956521739,0.956521739,0.956521739,0.956521739
473,0.956521739,0.956521739,0.956521739,0.956521739,0.956521739,0.956521739,0.956521739,0.956521739,0.956521739,0.956521739
474,0.956521739,0.956521739,0.956521739,0.956521739,0.956521739,0.956521739,0.956521739,0.956521739,0.956521739,0.956521739
475,0.956521739,0.956521739,0.956521739,0.956521739,0.956521739,0.956521739,0.956521739,0.956521739,0.956521739,0.956521739
476,0.956521739,0.956521739,0.956521739,0.956521739,0.956521739,0.956521739,0.956521739,0.956521739,0.956521739,0.956521739
477,0.956521739,0.956521739,0.956521739,0.956521739,0.956521739,0.956521739,0.956521739,0.956521739,0.956521739,0.956521739
478,0.956521739,0.956521739,0.956521739,0.956521739,0.956521739,0.956521739,0.956521739,0.956521739,0.956521739,0.956521739
479,0.956521739,0.956521739,0.956521739,0.956521739,0.956521739,0.956521739,0.956521739,0.956521739,0.956521739,0.956521739
480,0.849771179,0.84972699,0.849798684,0.849684132,0.849531889,0.84965764,0.849362262,0.849276423,0.849780057,0.849800716
481,0.956521739,0.956521739,0.956521739,0.956521739,0.956521739,0.956521739,0.956521739,0.956521739,0.956521739,0.956521739
482,0.956521739,0.956521739,0.956521739,0.956521739,0.956521739,0.956521739,0.956521739,0.956521739,0.956521739,0.956521739
483,0.956521739,0.956521739,0.956521739,0.956521739,0.956521739,0.956521739,0.956521739,0.956521739,0.956521739,0.956521739
484,0.916995998,0.916995209,0.916975664,0.916946264,0.916985929,0.916992737,0.9169711,0.916994179,0.91699241,0.916991922
485,0.820426228,0.818575264,0.815519479,0.816412719,0.816405473,0.82130099,0.81568363,0.815176942,0.819115192,0.817238348
486,0.916995835,0.916994014,0.916996047,0.916879267,0.91699393,0.916974542,0.916878473,0.916992014,0.916966222,0.916865603
487,0.916996047,0.916994366,0.916996047,0.916994758,0.916993196,0.916991892,0.916988662,0.916990866,0.916995743,0.916996044
488,0.956521739,0.956521739,0.956521739,0.956521739,0.956521739,0.956521739,0.956521739,0.956521739,0.956521739,0.956521739
489,0.956521739,0.956521739,0.956521739,0.956521739,0.956521739,0.956521739,0.956521739,0.956521739,0.956521739,0.956521739
490,0.881422925,0.881374647,0.881422925,0.881402315,0.881396386,0.881422925,0.88139568,0.881400621,0.881415951,0.881422925
491,0.956521739,0.956521739,0.956521739,0.956521739,0.956521739,0.956521739,0.956521739,0.956521739,0.956521739,0.956521739
492,0.956521739,0.956521739,0.956521739,0.956521739,0.956521739,0.956521739,0.956521739,0.956521739,0.956521739,0.956521739
493,0.956521739,0.956521739,0.956521739,0.956521739,0.956521739,0.956521739,0.956521739,0.956521739,0.956521739,0.956521739
494,0.956521739,0.956521739,0.956521739,0.956521739,0.956521739,0.956521739,0.956521739,0.956521739,0.956521739,0.956521739
