,LB,BOLE,MOOB,ARF,ARFre,SS-LB,FU-ARF,FU-ARFre,OALE,CALMID
0,0.872850412,0.907043357,0.870897886,0.749663308,0.746965134,0.870516308,0.756874527,0.744831195,0.903989253,0.866621768
1,0.936852429,0.961143015,0.936587431,0.950825411,0.895287711,0.933884806,0.817596806,0.796197465,0.945959896,0.921935712
2,0.916283731,0.969336601,0.927057498,0.985983324,0.979788384,0.92983133,0.81285303,0.771418272,0.950572933,0.917091444
3,0.951060463,0.968425146,0.933982747,0.987584214,0.986509794,0.933941032,0.898928382,0.738513272,0.944228877,0.923206032
4,0.986232064,0.967167203,0.941858551,0.994011437,0.990596993,0.940982403,0.947614666,0.821118737,0.950110914,0.933771742
5,0.985967694,0.966184892,0.926776985,0.995376333,0.993631665,0.929352044,0.963262682,0.94826352,0.938161249,0.936580504
6,0.988584327,0.963097091,0.926488836,0.995845236,0.994591806,0.929046031,0.961865913,0.952820303,0.938409331,0.934521466
7,0.996276901,0.971679998,0.941337458,0.998447344,0.997936973,0.94431071,0.984660058,0.979577149,0.946512488,0.948019832
8,0.996828512,0.972864246,0.944481808,0.998982912,0.998988968,0.943249493,0.985015787,0.986398002,0.944335938,0.830342677
9,0.993274711,0.962492982,0.927752639,0.997896162,0.994129872,0.93037497,0.982044584,0.979544177,0.935442181,0.943902384
10,0.994799203,0.971946394,0.931777017,0.999264352,0.997527505,0.943213469,0.984533566,0.980999128,0.949304867,0.978471883
11,0.996858944,0.972043817,0.945227948,0.998493226,0.997459491,0.948100375,0.989797756,0.987483033,0.947610716,0.990286285
12,0.998995505,0.97442061,0.957248477,0.998919148,0.999560262,0.907362504,0.991801217,0.992412607,0.956254657,0.996317349
13,0.995905176,0.972074262,0.985378334,0.998540472,0.997161506,0.894837775,0.991641927,0.993188513,0.947140897,0.995658551
14,0.996220885,0.968305801,0.990626327,0.998278453,0.992831995,0.958152781,0.990517689,0.990331031,0.948216609,0.995942817
15,0.994241653,0.968414914,0.993497985,0.997454421,0.999041478,0.975779022,0.994784428,0.992118173,0.966523394,0.996999159
16,0.995673142,0.969923855,0.990311284,0.998793297,0.998553998,0.98177649,0.992392266,0.991723119,0.974452351,0.998067845
17,0.998676911,0.980214478,0.992996234,0.999174778,0.999278391,0.988256887,0.995027913,0.996211547,0.978474006,0.998636392
18,0.998870413,0.984858364,0.994949929,0.994663724,0.995594068,0.989588913,0.993952954,0.985409929,0.97939517,0.998009502
19,0.994244221,0.990379869,0.995351324,0.99697936,0.997789519,0.991025396,0.992533376,0.989365096,0.983293251,0.997038221
20,0.995397815,0.988574015,0.991084146,0.998762431,0.998263203,0.989838674,0.995852455,0.990455374,0.980989804,0.996894768
21,0.991965088,0.990603894,0.997038431,0.997368025,0.992546145,0.990427055,0.984090735,0.979904305,0.981041189,0.995685388
22,0.997728588,0.995706226,0.997212928,0.999385432,0.998034933,0.995442954,0.994858426,0.99612236,0.984565286,0.999360195
23,0.998761804,0.994935273,0.993960078,0.99912314,0.998360438,0.993723856,0.997322983,0.997311487,0.986992669,0.999134228
24,0.997578355,0.997341383,0.995616976,0.999485464,0.997667917,0.993400305,0.996609983,0.996056887,0.985598036,0.998770531
25,0.997987176,0.996500783,0.996605709,0.999275,0.999116558,0.9942063,0.99707631,0.995605276,0.986788417,0.998949541
26,0.992615556,0.994443834,0.994983748,0.999494031,0.999054949,0.993779787,0.998167076,0.997366959,0.988027799,0.999087352
27,0.996965091,0.994086862,0.993368281,0.996570082,0.997135414,0.988968711,0.994852381,0.984197762,0.981803105,0.998721039
28,0.99789333,0.995113695,0.995710784,0.998873741,0.998910515,0.995296338,0.996526245,0.996315577,0.984748221,0.997943136
29,0.997626456,0.994098265,0.993729293,0.996796414,0.997555607,0.99309246,0.996191538,0.995812905,0.987057435,0.996985622
30,0.996390438,0.992067131,0.99472639,0.992728294,0.997474423,0.991489601,0.992617631,0.98897642,0.985205956,0.996514868
31,0.997551864,0.997772929,0.997393755,0.999760173,0.998192434,0.993895869,0.997481831,0.998874555,0.989297772,0.999649655
32,0.999016084,0.996655633,0.995453783,0.999249569,0.998404074,0.995079909,0.99752101,0.997533812,0.986769619,0.999648406
33,0.998288809,0.997340009,0.996201575,0.999325436,0.998994438,0.994645515,0.996212419,0.997370028,0.985365185,0.99856997
34,0.998464431,0.992976695,0.992916727,0.996444337,0.999399205,0.993398518,0.996443392,0.995533471,0.98142075,0.997449836
35,0.993267074,0.997560548,0.997890532,0.995740408,0.998193522,0.992607561,0.996420054,0.995262097,0.981941344,0.998682782
36,0.999051556,0.998422759,0.997995981,0.999778739,0.999388773,0.995624256,0.998996458,0.999437692,0.990232744,0.999647349
37,0.998921959,0.997403386,0.99529805,0.999456162,0.999427825,0.993790112,0.998623858,0.998562164,0.987703896,0.999324316
38,0.999422979,0.997925786,0.9982551,0.999261427,0.999303997,0.996335196,0.998276543,0.997630631,0.991413338,0.999358395
39,0.992462819,0.994703687,0.993798273,0.998608473,0.999130707,0.99147023,0.996437222,0.99573582,0.983120952,0.997490295
40,0.998465097,0.996406138,0.998073202,0.999475269,0.995503671,0.994241688,0.997301658,0.995003703,0.988571614,0.998873114
41,0.999457396,0.998269127,0.997026209,0.999788976,0.999636622,0.997245261,0.999224524,0.999404783,0.992505666,0.999808208
42,0.996217304,0.997777428,0.995914671,0.999214006,0.999301045,0.995311835,0.998430623,0.997149604,0.983844696,0.999558012
43,0.999258156,0.998502234,0.99737969,0.999426215,0.999375276,0.996471065,0.998399554,0.997844732,0.983293639,0.99945788
44,0.996824694,0.997946009,0.998632216,0.998663228,0.999337465,0.996792199,0.999279431,0.999217847,0.987553221,0.999388229
45,0.998095437,0.993861575,0.997378463,0.998936382,0.999333229,0.995119859,0.998516439,0.998375348,0.985167149,0.999324766
46,0.999046178,0.997114409,0.996873858,0.999258184,0.999670953,0.994709019,0.998104906,0.996656621,0.98746255,0.998578196
47,0.997934751,0.997442013,0.99834838,0.999111215,0.99850774,0.99513424,0.997698477,0.998687264,0.984779517,0.999389878
48,0.998688344,0.996874671,0.998919433,0.999605973,0.99916421,0.994985356,0.998565214,0.998556364,0.98986209,0.99919379
49,0.995816321,0.9962793,0.995577858,0.995864643,0.999275611,0.994829904,0.997479039,0.998698677,0.986300896,0.997781039
50,0.997501565,0.99754584,0.997050159,0.999138415,0.998757259,0.995097015,0.997133781,0.997492037,0.986048587,0.997673522
51,0.999148819,0.998573838,0.995836034,0.999568492,0.996031227,0.996310908,0.99603724,0.992859664,0.988920211,0.999639824
52,0.999285831,0.9991038,0.997704744,0.999298326,0.999648515,0.997092002,0.998295953,0.998806385,0.988721876,0.999578762
53,0.998551173,0.998173079,0.993573907,0.999557522,0.999247386,0.995141851,0.997543488,0.996196062,0.987744611,0.998679657
54,0.99923653,0.998109305,0.999045133,0.999533813,0.999900324,0.996517712,0.999437894,0.999196048,0.988586273,0.999785509
55,0.999318318,0.998307409,0.999450696,0.999455949,0.998835527,0.996945159,0.997774647,0.9976052,0.989998994,0.999549996
56,0.999510084,0.999179515,0.999156139,0.999669655,0.999164499,0.997172175,0.999149509,0.998880306,0.9932337,0.999844826
57,0.994362999,0.995416127,0.993806327,0.998536341,0.994824613,0.991901797,0.994765442,0.998245544,0.982017038,0.997597097
58,0.999415721,0.998002112,0.99910118,0.999387359,0.999677504,0.996370397,0.997813625,0.998977375,0.985523437,0.998855731
59,0.998864815,0.997093674,0.998608636,0.999577558,0.999241499,0.99558987,0.999199679,0.998224489,0.988664495,0.999445548
60,0.995716372,0.998936216,0.998483928,0.998757776,0.999259177,0.993423615,0.997692632,0.998270353,0.98620381,0.998649497
61,0.998323298,0.999120957,0.998853604,0.999607596,0.999523728,0.995799853,0.999038767,0.999270067,0.990371208,0.999525862
62,0.999074657,0.99923967,0.997767226,0.999760945,0.999548963,0.996900399,0.999217466,0.998703533,0.993111685,0.999419138
63,0.999359562,0.998878913,0.9993697,0.999577918,0.999344081,0.997895612,0.998911007,0.998755185,0.989801127,0.999152727
64,0.99675006,0.996615372,0.997681022,0.999635612,0.999520183,0.997403936,0.999288014,0.999585038,0.987654893,0.999337584
65,0.998239417,0.997525598,0.997197877,0.999876462,0.999651257,0.996439315,0.999639291,0.999544318,0.992253889,0.999648698
66,0.999393784,0.999179994,0.99704788,0.999309566,0.999597527,0.99585995,0.999006591,0.999568438,0.986918705,0.999555169
67,0.99888244,0.998716948,0.999323784,0.999864836,0.99981026,0.998287661,0.999554645,0.999544716,0.991789924,0.99973452
68,0.997758102,0.99854532,0.999269082,0.999529449,0.999329981,0.996324594,0.998327191,0.995688641,0.988626809,0.99890835
69,0.999614432,0.9993158,0.998215676,0.999687254,0.999723266,0.997263644,0.99690225,0.994864695,0.990304779,0.998858567
70,0.998848075,0.998155852,0.999067168,0.999699808,0.999802496,0.997736776,0.999026322,0.999546284,0.991343827,0.998750651
71,0.992739079,0.998032474,0.997887647,0.999599892,0.999340577,0.995756071,0.99920652,0.998509427,0.989861219,0.99956089
72,0.99850736,0.998172207,0.99865201,0.999153249,0.999364744,0.996794971,0.996872291,0.998108055,0.988868496,0.999596571
73,0.997976558,0.998777941,0.99919829,0.998751535,0.999652094,0.997538526,0.998325902,0.998971262,0.989777696,0.999730236
74,0.999722632,0.999356194,0.999536052,0.999823683,0.999798049,0.998830552,0.999753977,0.999577666,0.992692036,0.999878212
75,0.999437431,0.99786569,0.999076206,0.998931562,0.999503875,0.996735117,0.998614466,0.999371722,0.989386116,0.999404715
76,0.999574615,0.999019499,0.999207036,0.999566814,0.99964432,0.998560401,0.998790935,0.997906547,0.991337842,0.999805352
77,0.99600501,0.999021557,0.998600917,0.999056068,0.998066474,0.995332102,0.997783823,0.998210216,0.984352961,0.998890895
78,0.99945014,0.999440742,0.998531337,0.999715483,0.999701444,0.998532521,0.99941331,0.999330335,0.994473758,0.999688454
79,0.996141656,0.998397931,0.998687585,0.99932573,0.999547179,0.996962276,0.99855915,0.998770289,0.992751823,0.998955121
80,0.999305706,0.999139058,0.998187293,0.99990244,0.999774745,0.997225346,0.999171038,0.999710146,0.992802062,0.999894089
81,0.991767092,0.992432349,0.998252158,0.999130668,0.998877273,0.995250081,0.998337516,0.999558093,0.982305157,0.99867713
82,0.999103169,0.99926152,0.997885567,0.999771043,0.999584893,0.998577212,0.999605153,0.998275845,0.992151613,0.999792824
83,0.999731719,0.999835711,0.99527453,0.999853258,0.999728396,0.997862876,0.999411782,0.999701183,0.990954692,0.99970774
84,0.998943035,0.998887701,0.997044835,0.999706839,0.99965931,0.997848805,0.999302945,0.998581807,0.988278104,0.999480927
85,0.999221075,0.998880467,0.998834042,0.998428019,0.999376959,0.997352961,0.998475481,0.995657004,0.990071133,0.998865951
86,0.999612674,0.999339586,0.99862161,0.995327454,0.999681224,0.998784169,0.99760253,0.991165246,0.991840736,0.99885586
87,0.999574253,0.99922346,0.999581182,0.999664327,0.999810466,0.998581245,0.999614388,0.999644513,0.994115979,0.999786314
88,0.999772006,0.999900256,0.999595414,0.999903999,0.99952937,0.999401277,0.99948566,0.999755095,0.993913893,0.999771442
89,0.999547097,0.998101191,0.99877456,0.999413007,0.99903763,0.994335687,0.998613983,0.998233003,0.982912004,0.998311467
90,0.999458611,0.999689344,0.998964106,0.999789875,0.999751098,0.998587171,0.99942487,0.999575115,0.990238679,0.999679559
91,0.999142633,0.996519814,0.999337744,0.999196934,0.998627896,0.997224641,0.998972518,0.999577164,0.990450192,0.999401315
92,0.999750347,0.999792423,0.999638632,0.999808106,0.999715279,0.998188473,0.999774492,0.999763545,0.98981649,0.999874246
93,0.993617235,0.989901625,0.99079575,0.996450661,0.994125003,0.99092086,0.991669559,0.989355272,0.982455532,0.993253259
94,0.983350517,0.985435955,0.981548927,0.993396627,0.9963681,0.983008866,0.990420454,0.983708924,0.969523689,0.988256164
95,0.992757962,0.994199849,0.99313807,0.996831029,0.99832036,0.993287642,0.994867308,0.997221732,0.981344449,0.995513441
96,0.972784909,0.980287761,0.981036822,0.987157968,0.983073172,0.966726875,0.976543706,0.975495434,0.935762227,0.976478238
97,0.982269511,0.98274598,0.982132204,0.932020222,0.965484401,0.965284036,0.978004101,0.980566071,0.943015779,0.978154743
98,0.96575468,0.964526041,0.956378681,0.868583656,0.799256296,0.946645698,0.959357758,0.960512119,0.909806781,0.97278802
99,0.946513512,0.904315464,0.942995055,0.909271951,0.858209053,0.926978098,0.936832234,0.93730729,0.882871959,0.959759971
100,0.904577849,0.73344444,0.889260106,0.897848442,0.849365921,0.870589143,0.850851152,0.856239793,0.81552851,0.934752858
101,0.888970004,0.773713512,0.860158883,0.890865515,0.845415419,0.843785208,0.719566604,0.647069098,0.778581864,0.917662612
102,0.879049351,0.802010433,0.840127966,0.88786074,0.843351768,0.823561082,0.636024855,0.581473232,0.757168288,0.910702807
103,0.87531094,0.778220612,0.80083048,0.887341164,0.853088619,0.802702506,0.639140587,0.592653614,0.740886683,0.898630745
104,0.861537352,0.773329958,0.79070522,0.882908378,0.856351217,0.798614041,0.651031986,0.591350783,0.741818947,0.891134997
105,0.891048043,0.813536724,0.832662045,0.901682034,0.875740803,0.808591648,0.693468408,0.637626326,0.74150676,0.905779951
106,0.896593067,0.820672103,0.815340161,0.912112518,0.896539486,0.825978136,0.729070577,0.667748637,0.772448814,0.911505167
107,0.906357243,0.837750421,0.831420342,0.906525511,0.892441288,0.828402288,0.734594188,0.701095912,0.769053181,0.912492217
108,0.896200129,0.830669659,0.824309803,0.918174961,0.894875487,0.832405336,0.742426544,0.707704808,0.759373044,0.911807856
109,0.900626354,0.821691013,0.827889336,0.901430407,0.90882669,0.82933355,0.766519295,0.735433483,0.755019528,0.911749317
110,0.916739992,0.833582426,0.851280438,0.920385955,0.917045713,0.85681114,0.780829109,0.75121828,0.769995529,0.924180268
111,0.918816087,0.848199288,0.862437568,0.928604432,0.912386738,0.859090953,0.788519059,0.723412886,0.780102552,0.924830473
112,0.91321164,0.830284701,0.866964418,0.929855463,0.913739204,0.848191373,0.802235522,0.745666649,0.768159184,0.923789701
113,0.908415369,0.825765625,0.863036952,0.92751342,0.914089398,0.852903037,0.810849784,0.780570721,0.775745145,0.919257296
114,0.924443578,0.851798685,0.879148471,0.939069001,0.921412856,0.864337955,0.836480447,0.78623381,0.781096326,0.92902343
115,0.916403942,0.841750644,0.861701251,0.927887989,0.920294138,0.856904191,0.835883935,0.802864136,0.775582203,0.921624132
116,0.92638246,0.872606555,0.881127054,0.940988666,0.929260593,0.874778921,0.851184411,0.822809895,0.795090146,0.930986724
117,0.928505427,0.865232783,0.87806132,0.942678723,0.93142846,0.870125716,0.846199485,0.826703734,0.794772383,0.933823739
118,0.939203897,0.870115164,0.894803258,0.949441868,0.938822732,0.8847558,0.859125357,0.840557988,0.809789563,0.942205406
119,0.931408146,0.862392011,0.870772748,0.935743958,0.933903675,0.875999258,0.860147212,0.842770528,0.790267187,0.930997668
120,0.937325962,0.866174729,0.889595251,0.93764879,0.938078142,0.875910662,0.862976828,0.841109717,0.792536357,0.933929122
121,0.944524116,0.872052864,0.889371603,0.948448228,0.94302177,0.878317507,0.87324512,0.860500521,0.807494841,0.93674428
122,0.934984266,0.873047017,0.876974779,0.941822316,0.935399741,0.869674114,0.859592458,0.837764883,0.793349401,0.933501384
123,0.937642013,0.889899688,0.887269537,0.949616073,0.939147978,0.884435808,0.872250516,0.842057237,0.804809127,0.945169023
124,0.94622078,0.886205128,0.894165753,0.946205668,0.939268647,0.890368894,0.880217211,0.85600347,0.809265571,0.943999513
125,0.940907756,0.880605145,0.883288171,0.944466128,0.941226447,0.878069203,0.878570197,0.866269684,0.797591321,0.938171166
126,0.952535553,0.885911731,0.891523854,0.956440052,0.952098317,0.894423726,0.880537523,0.863706618,0.81653682,0.947829422
127,0.943241421,0.890739133,0.890962632,0.949125232,0.937727916,0.886901528,0.877439211,0.856687308,0.802147453,0.941142281
128,0.95514887,0.901121252,0.892610235,0.954838466,0.950143236,0.896920707,0.891819682,0.87779419,0.810465578,0.948790011
129,0.952417064,0.907344301,0.896528888,0.949847969,0.952084485,0.895950865,0.892471387,0.885056733,0.812059109,0.946782585
130,0.939289536,0.888929571,0.897786794,0.945712816,0.940058699,0.897179156,0.886480258,0.886991857,0.819614578,0.943566894
131,0.948870364,0.899757238,0.892864545,0.955598018,0.955345027,0.897327736,0.886443096,0.880244335,0.813915241,0.950257536
132,0.953200351,0.909866066,0.907592464,0.962026795,0.951236137,0.901966614,0.90630284,0.890445646,0.826854296,0.948639473
133,0.95085867,0.909307519,0.903073161,0.954004847,0.944892978,0.899848707,0.895113511,0.875749364,0.820327548,0.946392457
134,0.949938932,0.909940261,0.910349726,0.956246319,0.943542383,0.898399752,0.89766359,0.884873259,0.832136425,0.945360004
135,0.950458681,0.901047043,0.909160976,0.956454681,0.954083527,0.896647288,0.898758389,0.890520441,0.820175856,0.951075234
136,0.948660526,0.90549931,0.912767223,0.952275386,0.949564448,0.895767711,0.90392847,0.900986565,0.827238601,0.949243968
137,0.956357296,0.903769304,0.913649495,0.964409847,0.962362476,0.905974838,0.908408679,0.898466253,0.825182274,0.95661443
138,0.948893612,0.895592325,0.908092293,0.953093014,0.950175072,0.899322326,0.893948642,0.880393348,0.811241774,0.947112646
139,0.953255822,0.892860888,0.907843841,0.961274943,0.955108778,0.89660506,0.912801079,0.9003068,0.823885563,0.950398281
140,0.950347148,0.901592547,0.907661761,0.955513274,0.946709676,0.903911417,0.89957769,0.893918338,0.814906535,0.946810802
141,0.957450771,0.908642067,0.905755511,0.959833961,0.955666208,0.908084419,0.914209537,0.910689423,0.819656884,0.950250689
142,0.961345515,0.906274245,0.92812075,0.960518899,0.959523083,0.911252121,0.919559241,0.917106669,0.839056429,0.959703325
143,0.961731217,0.906235193,0.929816847,0.965349567,0.958707585,0.921833106,0.921234183,0.911677352,0.83538275,0.959025387
144,0.958738722,0.893930875,0.919159166,0.957034043,0.958363363,0.90536452,0.916230605,0.903710003,0.818162424,0.953510967
145,0.963953764,0.910080057,0.94008084,0.969615662,0.961581563,0.922672507,0.922291864,0.923364534,0.840119704,0.959809539
146,0.956017838,0.901222112,0.925314052,0.963103893,0.958678345,0.913905978,0.918290686,0.90285473,0.829812628,0.954797919
147,0.951453378,0.893581417,0.924405201,0.961665188,0.954724306,0.906683061,0.917631979,0.906258108,0.826953174,0.945803677
148,0.955784941,0.892342407,0.921774615,0.95557979,0.957886323,0.907473237,0.918938267,0.909858292,0.829425268,0.950859812
149,0.962852389,0.91153023,0.933488413,0.963319038,0.964485781,0.909650367,0.92100002,0.911824689,0.830046948,0.957053688
150,0.964316453,0.916477996,0.936299363,0.969341544,0.961256381,0.923765575,0.923709584,0.919428875,0.843064077,0.962639928
151,0.951596058,0.89193333,0.920331286,0.954573234,0.948469879,0.901064201,0.907204601,0.911920633,0.822751124,0.944218841
152,0.960973967,0.904261105,0.922311256,0.960007142,0.955206445,0.911507815,0.919655793,0.911998775,0.835167699,0.95305899
153,0.968417517,0.918912059,0.943757144,0.96673942,0.966057412,0.927002495,0.933358025,0.936612157,0.851938749,0.963677038
154,0.951320944,0.901319487,0.916273436,0.957438202,0.957019356,0.904892942,0.912424264,0.911555423,0.832711116,0.94865005
155,0.963634782,0.922661594,0.935954867,0.965845716,0.960036226,0.920543084,0.924049966,0.93042429,0.843321834,0.960210121
156,0.946730417,0.903784394,0.919473329,0.95820021,0.951601076,0.907887092,0.916668273,0.91575496,0.834115926,0.948988621
157,0.966794846,0.917722895,0.938577098,0.971112274,0.968848604,0.923333955,0.924771299,0.929706125,0.846282268,0.961965678
158,0.960257381,0.919065024,0.929698343,0.965876236,0.960236353,0.921209775,0.922418265,0.926263153,0.842045314,0.958338792
159,0.964788788,0.910074525,0.932081425,0.967399735,0.957659426,0.917700963,0.920555151,0.924122882,0.837319332,0.958614814
160,0.957573026,0.911482667,0.924930912,0.956432967,0.956115382,0.911623739,0.917932988,0.923475721,0.833619798,0.955149284
161,0.974645247,0.92042395,0.952058969,0.969095383,0.970340938,0.933455131,0.9304895,0.935580209,0.850089851,0.968962312
162,0.962921059,0.904777147,0.935387215,0.964582124,0.958408565,0.918723591,0.920472094,0.919233219,0.836428,0.958640223
163,0.96097146,0.925330251,0.938992399,0.963217571,0.964955184,0.930454864,0.933708011,0.937628826,0.853040848,0.960894009
164,0.967967071,0.921702595,0.933762272,0.974362322,0.961600793,0.931000011,0.935524691,0.939625399,0.85353794,0.960366145
165,0.959553203,0.905979822,0.923754091,0.963183357,0.959589327,0.915965572,0.921414675,0.922276843,0.830625117,0.957973902
166,0.966372091,0.925053286,0.947871516,0.963266017,0.961079323,0.933641175,0.932103088,0.929816995,0.85144298,0.961606773
167,0.958812386,0.913794423,0.938837317,0.958401952,0.961285032,0.923726847,0.923348234,0.924631315,0.85072991,0.956684277
168,0.96372717,0.936954852,0.949901161,0.967319426,0.959292188,0.935330917,0.934704642,0.937521422,0.86752286,0.96238221
169,0.968073269,0.932839743,0.950293037,0.973844735,0.965716231,0.93243235,0.938337564,0.940150904,0.852844891,0.968270211
170,0.965182085,0.922967913,0.947761169,0.973672034,0.963742822,0.934757094,0.933588252,0.93326716,0.853291536,0.960161076
171,0.958869213,0.916558788,0.92632212,0.962250352,0.957139646,0.925158744,0.926097711,0.922597629,0.850881405,0.953659692
172,0.958224869,0.923758389,0.927584574,0.969097505,0.967223338,0.927871938,0.929831673,0.931149549,0.849244924,0.956507561
173,0.969189999,0.924302405,0.949983477,0.963156807,0.963490614,0.935611014,0.9317536,0.923148735,0.850972382,0.966796653
174,0.963385554,0.921543589,0.935286225,0.965884924,0.961843252,0.930369368,0.933053877,0.931345082,0.846943536,0.959441798
175,0.970932456,0.934473939,0.940174948,0.976445614,0.972611897,0.942323527,0.946641791,0.946227411,0.874304671,0.968333716
176,0.96081293,0.921023368,0.929596574,0.963559604,0.966778671,0.929295115,0.93631841,0.930349438,0.854476866,0.958416426
177,0.963540737,0.909401259,0.921036429,0.963175245,0.960207595,0.92337304,0.928329504,0.931075206,0.842046799,0.956484127
178,0.96545061,0.929388904,0.940150524,0.968621378,0.965099617,0.937635297,0.933183429,0.9338185,0.861741352,0.964338084
179,0.964829013,0.918727135,0.933005137,0.966725249,0.967842753,0.931087834,0.937541025,0.937921075,0.856918868,0.963757063
180,0.965502456,0.928100195,0.940274056,0.963596843,0.965092274,0.933004022,0.935443698,0.940033908,0.860639071,0.9607607
181,0.957476141,0.9236152,0.937679148,0.964638539,0.960116839,0.93040378,0.934032396,0.932710127,0.856689499,0.957439801
182,0.970567079,0.929256981,0.944230932,0.969297405,0.96859578,0.941517381,0.94313998,0.938582902,0.860931048,0.968287807
183,0.971358443,0.939748341,0.950765047,0.975507125,0.969308236,0.945780433,0.945600075,0.945067486,0.871542341,0.969962809
184,0.965501012,0.917618715,0.930210257,0.967010302,0.96312219,0.934199598,0.937697695,0.938421493,0.853906062,0.964326288
185,0.973179741,0.936487951,0.951020637,0.972720169,0.974544747,0.948607728,0.952550044,0.951239984,0.880137049,0.971622465
186,0.958994352,0.926334984,0.938801314,0.971163779,0.964541904,0.934099854,0.937838972,0.932980393,0.863578214,0.960899224
187,0.962123479,0.925977404,0.931036354,0.964403674,0.96059659,0.930392636,0.931410851,0.932251727,0.85650116,0.961320985
188,0.963098407,0.931162674,0.937966309,0.971901982,0.964777855,0.936373289,0.939167577,0.935751771,0.858132082,0.966421689
189,0.968709077,0.931368441,0.940444332,0.973307365,0.964927638,0.937387095,0.942187358,0.940557694,0.866115577,0.963670042
190,0.962994079,0.920770613,0.938571778,0.962647513,0.961096282,0.931614429,0.933284898,0.940411223,0.856875841,0.959223336
191,0.965125917,0.937138145,0.948313041,0.970143376,0.963009952,0.939181305,0.942888648,0.939343421,0.865952786,0.963349254
192,0.967641067,0.926233547,0.939729443,0.968444443,0.962783582,0.93538523,0.939027496,0.941891856,0.861474757,0.965908749
193,0.963054229,0.924403362,0.935388749,0.965843046,0.966281326,0.934260027,0.940640668,0.941735443,0.865280464,0.960217576
194,0.960012352,0.922123212,0.931724339,0.962939993,0.963121386,0.933510918,0.935663541,0.930086065,0.852738897,0.958919529
195,0.970425325,0.938062408,0.941938771,0.976401454,0.972251817,0.943323652,0.94665123,0.948520024,0.862560701,0.970774117
196,0.965943404,0.91864501,0.929937612,0.968391656,0.965834372,0.931757885,0.941846546,0.935515064,0.853539161,0.964924587
197,0.967087564,0.93010212,0.939906417,0.971831599,0.968103437,0.93970668,0.945774399,0.946375217,0.8585032,0.963859751
198,0.973086892,0.946185647,0.938016834,0.98012204,0.973316557,0.943940037,0.946380472,0.942804181,0.86553306,0.969740586
199,0.968850653,0.934326316,0.943217623,0.973568088,0.96964181,0.943965492,0.942968008,0.945823507,0.857628205,0.97113602
200,0.732412233,0.657759776,0.572780511,0.636475571,0.650041793,0.54445976,0.543178732,0.533694284,0.640811603,0.579441924
201,0.810186556,0.799992837,0.62229094,0.750700849,0.706934155,0.680028783,0.577209843,0.490603431,0.696865068,0.674727102
202,0.817529008,0.798117064,0.624924063,0.754474089,0.791806098,0.741277723,0.619417807,0.484091001,0.747408932,0.745777514
203,0.876318933,0.830233206,0.642152452,0.801955485,0.799983212,0.785473837,0.655565316,0.485341571,0.783746891,0.80544003
204,0.867659,0.830530254,0.646133485,0.804725564,0.805140354,0.786692107,0.633021498,0.491941499,0.789846563,0.798321344
205,0.878064079,0.836254164,0.694282979,0.804866038,0.809681028,0.794690289,0.72430427,0.49728188,0.801733721,0.807874133
206,0.924824028,0.833946703,0.739215937,0.859970885,0.85476806,0.83556984,0.785153003,0.706554896,0.830913083,0.85801611
207,0.920029641,0.875732535,0.766423769,0.885641628,0.872241326,0.844865184,0.812513203,0.77732449,0.829764371,0.876785469
208,0.943695217,0.899710204,0.778579459,0.901076954,0.890542815,0.856036894,0.832658442,0.788694589,0.840310654,0.886786251
209,0.942387071,0.902388092,0.810020917,0.90653822,0.910078855,0.86879815,0.849078064,0.830222161,0.864736073,0.899963664
210,0.951062988,0.924772228,0.838306107,0.92958806,0.919848662,0.898988321,0.874175509,0.866049007,0.874922183,0.930945851
211,0.959906,0.934601465,0.856552558,0.945514447,0.942518936,0.913024611,0.900898133,0.871329089,0.897327924,0.946043792
212,0.957121567,0.922460388,0.861056334,0.935537709,0.952171892,0.90741862,0.907710137,0.878260201,0.894088179,0.935792216
213,0.95806068,0.933357791,0.866635613,0.944606208,0.947751535,0.914621093,0.908810852,0.884921345,0.891570303,0.930304412
214,0.950594124,0.929685406,0.863293535,0.941935776,0.939320804,0.911554746,0.907181869,0.883152383,0.891561059,0.939328098
215,0.942966538,0.930768012,0.848123909,0.922544615,0.930527015,0.908991326,0.897250999,0.874051569,0.881263937,0.934975844
216,0.889554329,0.884440072,0.801627069,0.861422416,0.880549181,0.862804398,0.843516534,0.83939597,0.844608435,0.887100187
217,0.876491724,0.874512927,0.794909745,0.842037407,0.859038616,0.84435542,0.84024421,0.828414253,0.835534946,0.876698644
218,0.865776291,0.876432558,0.79032683,0.785931807,0.797840381,0.843198781,0.836191741,0.826848386,0.827035398,0.877192107
219,0.864997189,0.855757249,0.805200839,0.804940332,0.800487289,0.83122926,0.832347443,0.84145767,0.833181876,0.871816394
220,0.887777316,0.88090859,0.807908915,0.826182841,0.80254075,0.867151255,0.859289152,0.852277708,0.847991061,0.893524675
221,0.91734802,0.885553452,0.865261113,0.880177581,0.858233573,0.878734803,0.88615835,0.866887387,0.87667796,0.917735116
222,0.943730256,0.898916442,0.901234469,0.91207131,0.887599801,0.903452733,0.903904702,0.879536617,0.886573238,0.936582544
223,0.959141798,0.918419524,0.900615965,0.931325843,0.922964854,0.924351562,0.908996374,0.880629693,0.90104539,0.950755
224,0.957967361,0.906077774,0.912919354,0.934090948,0.916612544,0.912894763,0.900578221,0.892664541,0.891526694,0.950948708
225,0.972383682,0.929916011,0.927627066,0.958040801,0.950358463,0.92965569,0.925790236,0.914775424,0.913361798,0.963627934
226,0.961427669,0.906150214,0.922205045,0.942940111,0.946267012,0.924851664,0.915080611,0.893946687,0.898502778,0.96247016
227,0.972762573,0.912207117,0.937024088,0.95510392,0.955966375,0.935911475,0.929013045,0.910844239,0.911867383,0.971632012
228,0.967178338,0.912420931,0.943858796,0.958916455,0.955681677,0.931818659,0.933801321,0.913665506,0.907184899,0.967606515
229,0.96607717,0.895546677,0.934539637,0.946731268,0.948084054,0.929429236,0.924844103,0.896301224,0.916738466,0.970346428
230,0.958633412,0.899228669,0.905242413,0.942579636,0.935982556,0.915523048,0.910475218,0.901253631,0.894570529,0.96154714
231,0.928399583,0.870005645,0.870574384,0.907978083,0.891341276,0.886512388,0.873158467,0.866220356,0.873376755,0.944684273
232,0.927447563,0.893154035,0.862008403,0.898487369,0.886601673,0.880627819,0.875558482,0.84481758,0.873987556,0.945735945
233,0.934457919,0.904661854,0.85345346,0.896815298,0.89698148,0.889565948,0.88175519,0.863220929,0.886509317,0.956356003
234,0.935686673,0.908335666,0.874310827,0.897363263,0.910619538,0.892435608,0.884479217,0.870125318,0.885703157,0.957415772
235,0.947008051,0.917906353,0.876407404,0.922175067,0.92380723,0.90166222,0.892987038,0.884503947,0.889996647,0.968505136
236,0.95839817,0.920834796,0.927321656,0.933306658,0.938713464,0.905980412,0.926623759,0.911256329,0.901934664,0.968458197
237,0.973118132,0.93538519,0.957868813,0.964698669,0.958266861,0.9226823,0.952728887,0.940259656,0.932594097,0.975185703
238,0.9834029,0.943208639,0.96846325,0.966241071,0.97417454,0.935692073,0.963773536,0.959292069,0.934842494,0.982815141
239,0.986333043,0.949135361,0.973389178,0.980994646,0.980647713,0.939582427,0.967827044,0.959616429,0.939843063,0.986431903
240,0.986604605,0.958028302,0.97806972,0.976601424,0.978104088,0.943430054,0.969829892,0.960346161,0.946232502,0.985910609
241,0.988689783,0.96092503,0.983333626,0.982766481,0.982795623,0.950706823,0.978040136,0.969166336,0.950528739,0.991958768
242,0.990507272,0.966739572,0.981623091,0.981568819,0.986457565,0.958131067,0.975676671,0.972541278,0.961071664,0.993442736
243,0.993701066,0.963578669,0.978917062,0.992031977,0.988251207,0.953446365,0.98307989,0.981522658,0.954270938,0.989208368
244,0.991657629,0.960664522,0.981884531,0.986496449,0.982169638,0.954735131,0.97687453,0.974586271,0.957990112,0.99372528
245,0.984204668,0.95881227,0.972471137,0.976516533,0.977406595,0.950289207,0.972732508,0.968645624,0.947137224,0.992933318
246,0.961769935,0.939910708,0.950019138,0.959459134,0.951069821,0.933592754,0.950175421,0.951132762,0.932862244,0.982203288
247,0.941625603,0.918471289,0.926023193,0.858681433,0.889882099,0.911781947,0.926497834,0.913442367,0.905392045,0.971398314
248,0.945172364,0.923718379,0.921247447,0.830794505,0.792975615,0.914454454,0.920350991,0.922030675,0.914016791,0.968435586
249,0.928848605,0.911466674,0.905328631,0.858232358,0.837398943,0.894432223,0.899540123,0.892352738,0.890570702,0.951191805
250,0.920662435,0.895226126,0.886805697,0.871824315,0.845648935,0.882277154,0.880758608,0.85651626,0.878408704,0.937369372
251,0.923565757,0.886632318,0.894038727,0.850526045,0.849839739,0.868556805,0.875117779,0.833683692,0.869500096,0.933189712
252,0.946072177,0.923007974,0.933276387,0.912436971,0.896474327,0.903877384,0.898471605,0.878944393,0.916904485,0.958194345
253,0.948011684,0.925557413,0.924967017,0.919342195,0.901703945,0.917124842,0.888114442,0.881902686,0.920369198,0.958008726
254,0.957321918,0.925604832,0.917852775,0.929355468,0.910790776,0.922970991,0.8932335,0.890497016,0.911058618,0.959218814
255,0.949630033,0.919388879,0.918234476,0.923901331,0.920179353,0.914814366,0.894733165,0.886786065,0.912476559,0.955412373
256,0.954934038,0.924695381,0.929102101,0.93177685,0.923864926,0.918965989,0.897872059,0.890014198,0.91077819,0.961671766
257,0.952734353,0.906217206,0.908141137,0.897860845,0.901488701,0.911949979,0.8768487,0.865509127,0.886028999,0.961644835
258,0.93768571,0.881955526,0.890181431,0.896150313,0.886699574,0.893710458,0.858426186,0.824596684,0.878108349,0.944186186
259,0.942975922,0.904920059,0.863960004,0.883964598,0.865371451,0.903082504,0.853042493,0.820047452,0.883897883,0.951948082
260,0.947691821,0.887838648,0.865335809,0.87734145,0.875345902,0.907661626,0.850077861,0.866341078,0.883462231,0.955581739
261,0.947650828,0.889742928,0.870338646,0.875829695,0.86717307,0.907450282,0.846255527,0.840996792,0.881621577,0.95219511
262,0.954955264,0.890574547,0.884266884,0.901850601,0.889482578,0.903298765,0.836392935,0.850731359,0.880784814,0.93961198
263,0.957210401,0.891322866,0.871529809,0.907530886,0.890185244,0.909158679,0.848507467,0.861370016,0.880099555,0.954357891
264,0.956169994,0.905564982,0.896517025,0.922136377,0.90779511,0.916029133,0.852140354,0.864064293,0.886237952,0.953902063
265,0.954868003,0.898109734,0.893447156,0.914471442,0.91113712,0.918260628,0.850657015,0.864799419,0.885260071,0.952113586
266,0.960172729,0.896429611,0.907984599,0.916102496,0.914744892,0.925258756,0.855848644,0.878369944,0.886755874,0.961104354
267,0.972172586,0.906264694,0.942823222,0.932289581,0.931754467,0.925813828,0.876580621,0.90299999,0.911173948,0.953232035
268,0.969687474,0.921518294,0.948206247,0.947288818,0.944531159,0.927360585,0.8951357,0.920902792,0.911103879,0.95377987
269,0.968244775,0.917980708,0.94354829,0.948077452,0.937310856,0.935131742,0.904836659,0.91132523,0.915889397,0.963037008
270,0.969544153,0.91889914,0.948430758,0.943713911,0.944565344,0.930681259,0.90580406,0.896396527,0.921966079,0.96280561
271,0.971427193,0.928626698,0.940687583,0.950485568,0.950004081,0.93790226,0.910572029,0.915941531,0.920614438,0.96518425
272,0.978569879,0.938234849,0.962449951,0.963163847,0.962339127,0.950303271,0.933163534,0.935475216,0.937281938,0.977072112
273,0.975423093,0.938680693,0.965246478,0.972007798,0.967116893,0.945936871,0.927881764,0.933356873,0.929726667,0.974736503
274,0.978858699,0.937585585,0.97135816,0.972431659,0.96580585,0.950657306,0.930271607,0.942684844,0.928539653,0.976888255
275,0.976470762,0.942950376,0.973959655,0.969852092,0.964841543,0.951553422,0.934640144,0.947235778,0.941548558,0.978160489
276,0.983460942,0.939070449,0.979362746,0.97344765,0.97279816,0.951778366,0.944090116,0.955459402,0.939806377,0.974446236
277,0.98486944,0.950188955,0.986703603,0.978455354,0.979398386,0.963086127,0.953056814,0.952111318,0.955159944,0.977465714
278,0.988479783,0.962676925,0.991798799,0.982158928,0.984077929,0.972291662,0.960752693,0.972926729,0.958982048,0.986280561
279,0.990171345,0.963710944,0.990403172,0.99108366,0.985552359,0.974787773,0.96933677,0.967034501,0.966967618,0.991224428
280,0.989328651,0.970261311,0.992494715,0.987452544,0.990739388,0.977816944,0.971048207,0.971466858,0.963826463,0.990279091
281,0.993850681,0.961800851,0.995135307,0.991605671,0.990582762,0.978705663,0.97592378,0.968097113,0.969932308,0.990766347
282,0.994404749,0.972345124,0.99566866,0.991981271,0.990444495,0.981748833,0.980091932,0.979446257,0.972001938,0.989516011
283,0.99349597,0.976287115,0.992321922,0.990165382,0.988043141,0.983101924,0.975512343,0.976870918,0.972075533,0.989711646
284,0.994006468,0.974602088,0.99498155,0.986719758,0.993691402,0.985645644,0.977593637,0.976980652,0.970759462,0.995347149
285,0.993641621,0.97542888,0.992462683,0.990459363,0.991494297,0.985370798,0.98129262,0.981830363,0.975128748,0.991955506
286,0.98960885,0.970996859,0.992076456,0.988104718,0.987795923,0.98182773,0.976421672,0.979424291,0.970948795,0.992866586
287,0.988065326,0.951996799,0.98005038,0.984131762,0.980653515,0.971540138,0.963873983,0.956957593,0.952160192,0.987324609
288,0.989161063,0.948469085,0.981737533,0.981097682,0.978779898,0.972589813,0.959956289,0.964090474,0.955452501,0.99312236
289,0.989977255,0.963867424,0.985455037,0.983471603,0.977987904,0.979064772,0.968483727,0.968142539,0.959072554,0.99032074
290,0.994536979,0.96568344,0.984625078,0.97633269,0.979230866,0.980749136,0.969104574,0.970279736,0.960025747,0.993387597
291,0.993022864,0.966867618,0.991125429,0.973521805,0.98087993,0.977385489,0.972264511,0.97066792,0.961249083,0.993683774
292,0.993372414,0.974571071,0.986355669,0.977880651,0.983586303,0.986578691,0.975319667,0.976855288,0.967886313,0.994147703
293,0.992611946,0.975517563,0.989182858,0.983819943,0.988653244,0.984880341,0.978359973,0.976057536,0.965794832,0.996479669
294,0.996334551,0.97739731,0.988383123,0.982687623,0.98424567,0.986880811,0.978022741,0.978506161,0.969231656,0.994835312
295,0.992118166,0.979965088,0.991690776,0.97969124,0.990317309,0.98684802,0.985338038,0.984109066,0.969120268,0.992937109
296,0.993985126,0.977972803,0.992998248,0.986786511,0.984311039,0.986599528,0.982467843,0.980073344,0.967572494,0.991523255
297,0.990206064,0.984687854,0.997643714,0.991435634,0.989569767,0.988821146,0.988792336,0.989023095,0.977835341,0.994006479
298,0.992058238,0.978817733,0.992812113,0.982745369,0.986330205,0.98760075,0.983631596,0.981710125,0.969407614,0.994432905
299,0.992605642,0.975863721,0.989401643,0.981999108,0.982919278,0.981343291,0.975961709,0.973887939,0.968745276,0.990650186
300,0.985638182,0.972823763,0.985559572,0.974159323,0.979954711,0.975295426,0.969822216,0.972919835,0.967014853,0.989749919
301,0.983205502,0.967096904,0.981185025,0.940747841,0.952893723,0.97071349,0.9634844,0.967560249,0.960408187,0.986744815
302,0.982544286,0.969896437,0.980165267,0.94348283,0.939727559,0.966089076,0.964140324,0.972918311,0.95848601,0.981445996
303,0.977582754,0.958665614,0.973213201,0.936495022,0.925737138,0.957563267,0.954263119,0.962088986,0.95629752,0.98182713
304,0.983511949,0.979175324,0.983887903,0.958596084,0.957112864,0.971680112,0.970130846,0.977700723,0.972247214,0.990434993
305,0.985034281,0.980208608,0.978179376,0.965916207,0.95743608,0.971490295,0.965934161,0.975891342,0.968122165,0.9867494
306,0.981189913,0.967236934,0.974460542,0.958222587,0.944018028,0.967215522,0.959432213,0.966563601,0.964393989,0.982229247
307,0.986951954,0.978880029,0.977732295,0.967295713,0.961180226,0.976747401,0.966247621,0.964718799,0.970310527,0.990743249
308,0.989431966,0.981399521,0.983073225,0.967670453,0.957015294,0.97657415,0.966091634,0.967516063,0.971041794,0.990841918
309,0.978995383,0.975969421,0.97814737,0.970380282,0.96523035,0.972428778,0.965049343,0.965522604,0.969437332,0.98766814
310,0.989645217,0.981733989,0.981637705,0.976951616,0.978716136,0.97983208,0.972317712,0.975762942,0.969927556,0.990985904
311,0.985573345,0.976866636,0.980284677,0.978355436,0.972562515,0.976649294,0.969640653,0.964639941,0.968100222,0.989010524
312,0.989186381,0.975816191,0.976612357,0.966283147,0.972306029,0.974965565,0.963926466,0.958343101,0.967547685,0.989503791
313,0.986468481,0.985453627,0.982862058,0.978363083,0.977626877,0.976189438,0.970919818,0.969398901,0.973521115,0.987818444
314,0.986611099,0.981985635,0.979527835,0.9771061,0.977049815,0.974889773,0.972934529,0.96941163,0.966625278,0.98803963
315,0.990999922,0.986417644,0.982296092,0.979611463,0.97757115,0.980809401,0.975893039,0.976042745,0.972683585,0.991694195
316,0.988359197,0.981044536,0.986982072,0.979424164,0.974081823,0.979597463,0.975038778,0.97547638,0.972790879,0.990285786
317,0.98921843,0.986193926,0.983527382,0.981509713,0.976242614,0.979936151,0.976304492,0.978526762,0.97157839,0.98833455
318,0.993549689,0.987267618,0.986975945,0.984303146,0.977684494,0.983534609,0.974738745,0.981122905,0.973420159,0.992040805
319,0.991151675,0.985801436,0.986232195,0.979337916,0.983128933,0.980895927,0.977454592,0.972371211,0.972368121,0.989001418
320,0.98473307,0.983310284,0.981632339,0.983515285,0.971098902,0.976836424,0.974316494,0.978158091,0.970583746,0.988649223
321,0.982188414,0.982651254,0.976648679,0.976955112,0.976223811,0.97546114,0.971978748,0.970565063,0.966535739,0.987004318
322,0.990278144,0.98264021,0.985764958,0.982935028,0.980034851,0.978192661,0.972612599,0.978532701,0.97294942,0.989835816
323,0.991603557,0.985417607,0.987118196,0.985349337,0.982126685,0.981147251,0.9815058,0.983410325,0.975044793,0.99074813
324,0.988151098,0.980838971,0.990407058,0.978349632,0.978913734,0.974708284,0.978254764,0.978305228,0.965624061,0.988221986
325,0.993312474,0.988658646,0.990314506,0.987548179,0.986160877,0.986096084,0.983533391,0.985314798,0.975103787,0.993940734
326,0.993438795,0.985804117,0.993240599,0.984794112,0.982421003,0.978509363,0.982217358,0.983209747,0.972478302,0.992894879
327,0.994542515,0.986240907,0.996978429,0.989351061,0.989967188,0.985960522,0.986942472,0.985475054,0.980865308,0.99469421
328,0.991330731,0.986428305,0.996014633,0.991312805,0.989783279,0.981421489,0.985794571,0.985829383,0.980036889,0.992296628
329,0.994742882,0.987156306,0.996630478,0.989889645,0.989091755,0.985415342,0.98492458,0.982714557,0.981473869,0.994150876
330,0.992525758,0.992354607,0.997601284,0.994098937,0.994101806,0.988719828,0.989831076,0.988492027,0.984638656,0.996349706
331,0.990754753,0.990386385,0.995731538,0.990890988,0.994053024,0.988654915,0.988920789,0.985063683,0.985022586,0.995268888
332,0.992881434,0.993045762,0.997218142,0.990670923,0.994499965,0.99113676,0.991906569,0.990353611,0.986485765,0.997144423
333,0.996461885,0.993737583,0.997973321,0.996766957,0.997484846,0.994352511,0.994873668,0.995998505,0.989090411,0.997977728
334,0.996366651,0.993338857,0.997962043,0.996234258,0.996126177,0.992096338,0.99272552,0.990568763,0.985902895,0.99698375
335,0.993983672,0.992092303,0.997738001,0.994499795,0.995990713,0.992379318,0.992443908,0.994485722,0.987416056,0.996152312
336,0.99734972,0.990048727,0.995243667,0.996237047,0.996396046,0.990120463,0.993102047,0.992817453,0.985916268,0.996827634
337,0.996589625,0.994978383,0.996897575,0.995093663,0.996493142,0.995956037,0.995631884,0.994787256,0.989092495,0.998092637
338,0.997290448,0.993284711,0.998004556,0.99537772,0.994577717,0.993028687,0.993424572,0.994899791,0.985197612,0.99717655
339,0.998549585,0.994587638,0.997297831,0.997682091,0.997564868,0.99405694,0.995055085,0.992770172,0.988476344,0.997516811
340,0.997186075,0.995372969,0.99664382,0.99635148,0.996161918,0.993591644,0.994471504,0.991199061,0.984434281,0.996863067
341,0.997438387,0.993188738,0.997919917,0.991662439,0.994736428,0.992543596,0.992625047,0.995538561,0.984180231,0.997607707
342,0.998122839,0.99378865,0.997969125,0.997534341,0.994138611,0.994231275,0.995766515,0.994610697,0.987541509,0.997531372
343,0.998690053,0.995479037,0.998392375,0.998153561,0.998805395,0.996412077,0.996693835,0.9965785,0.990932748,0.998913364
344,0.998972378,0.996214593,0.997667337,0.998202041,0.997809121,0.995840581,0.995760068,0.991996531,0.988769426,0.998706502
345,0.993259759,0.993457841,0.996460642,0.996111268,0.996323134,0.992619998,0.993730237,0.995119435,0.983212207,0.994501717
346,0.991144911,0.994572788,0.997706782,0.994560268,0.996767914,0.991943328,0.994939635,0.993093863,0.986264421,0.997650317
347,0.997628223,0.994282713,0.997866097,0.996557446,0.99579975,0.994652284,0.995007934,0.99477388,0.985645101,0.998406427
348,0.99694476,0.992069566,0.997455738,0.99447391,0.992998793,0.992002229,0.990788936,0.993776782,0.978725251,0.99729712
349,0.990657992,0.984878886,0.993928388,0.989969729,0.990573449,0.985560163,0.985690878,0.988776353,0.971532668,0.992436927
350,0.993603437,0.984540778,0.992672579,0.965990715,0.917383958,0.985585696,0.98741169,0.985757589,0.977609381,0.994230205
351,0.98589041,0.978012187,0.98797141,0.879126305,0.863272993,0.982022925,0.978958034,0.986338784,0.97133127,0.993122354
352,0.993939427,0.982893102,0.987176816,0.930508857,0.942002599,0.985434492,0.9831981,0.985248757,0.974590773,0.993280026
353,0.991152122,0.982752925,0.989001829,0.946825974,0.959758354,0.980397776,0.977406458,0.980705986,0.971858119,0.99079539
354,0.988454759,0.981055047,0.98556188,0.957056545,0.963115747,0.979954722,0.974124444,0.977610643,0.97063907,0.991252689
355,0.986210139,0.977072734,0.982961692,0.954367235,0.96751137,0.978390126,0.97436198,0.976093844,0.97182032,0.987399689
356,0.99106063,0.982756295,0.986936935,0.965821099,0.9658953,0.982704938,0.976453859,0.98099848,0.974376787,0.99096224
357,0.988187877,0.984048091,0.986032503,0.97546394,0.975482135,0.982150563,0.974563697,0.979863959,0.975104503,0.98946098
358,0.989260155,0.976910768,0.983549295,0.976621453,0.970203652,0.979547037,0.972287761,0.973601553,0.96857674,0.988707398
359,0.985374027,0.979839231,0.982914989,0.969735988,0.970308155,0.97794974,0.972466165,0.975738559,0.970320593,0.987677234
360,0.985320148,0.987609417,0.98736356,0.976763142,0.964665774,0.984711396,0.97420093,0.975682659,0.976397591,0.99205252
361,0.994500726,0.98921327,0.987094847,0.982213897,0.982202679,0.989506926,0.983476439,0.981557465,0.981420703,0.994646197
362,0.990423145,0.987928425,0.987532499,0.982779444,0.984139967,0.988350506,0.981327516,0.981292024,0.979787067,0.993075423
363,0.986177824,0.984561611,0.982702194,0.960781647,0.973026144,0.982357095,0.971335026,0.968253189,0.97437376,0.990192847
364,0.990095685,0.983414197,0.985316138,0.981424161,0.974769386,0.983413964,0.974042805,0.974109024,0.973289666,0.990208731
365,0.993197678,0.985610362,0.986433235,0.980869165,0.980686925,0.985654387,0.976495121,0.975605889,0.975688503,0.992804644
366,0.994085688,0.986297748,0.988970886,0.984574102,0.984346343,0.986368596,0.980980873,0.984069205,0.978561531,0.992693793
367,0.991896919,0.986631214,0.982555175,0.976154715,0.979299889,0.986693442,0.976414633,0.976217272,0.975746423,0.992004658
368,0.988986841,0.982070529,0.983255504,0.980547389,0.981881889,0.984672823,0.972079371,0.973658927,0.967891737,0.991183863
369,0.995207204,0.990919063,0.991156493,0.984906575,0.983492494,0.990132638,0.983733562,0.98217758,0.981247158,0.994845764
370,0.992647034,0.986146492,0.987466899,0.98201587,0.976654572,0.984749819,0.975195223,0.978013025,0.977525925,0.991061816
371,0.993602473,0.990196097,0.991201146,0.98528644,0.984157158,0.989870219,0.982623405,0.986683597,0.979419227,0.994833339
372,0.992696219,0.985604016,0.991930209,0.983702245,0.985698435,0.985519785,0.981154017,0.977705695,0.976409144,0.992841427
373,0.991197891,0.984624119,0.987491967,0.979261187,0.979802427,0.98616949,0.978244856,0.981132771,0.973226034,0.992468657
374,0.993675132,0.988321505,0.993527474,0.981111151,0.986058561,0.987367154,0.982302356,0.979214072,0.975130841,0.993936066
375,0.991796344,0.985017135,0.991816413,0.984218318,0.983272247,0.984074019,0.97937813,0.982196951,0.971992589,0.991453266
376,0.990418224,0.984855295,0.992277853,0.987052566,0.984185925,0.983290261,0.981862218,0.983140465,0.973704637,0.991454257
377,0.995165728,0.984921721,0.993200051,0.985804207,0.983953534,0.987297252,0.979211805,0.979360402,0.972706697,0.992097958
378,0.99411552,0.990358476,0.997091764,0.993260583,0.992809065,0.989067176,0.988287005,0.990719655,0.984530587,0.9962365
379,0.99653794,0.989776025,0.997075084,0.988516021,0.990330023,0.989901881,0.985483808,0.984275599,0.98272329,0.996029525
380,0.994893051,0.991721085,0.996311777,0.993166945,0.992644685,0.99077194,0.990150682,0.987801486,0.986438698,0.996605542
381,0.995614881,0.994299987,0.997645067,0.994323495,0.993262332,0.992034467,0.990903806,0.986891607,0.983653568,0.996518883
382,0.996433349,0.995369554,0.995644707,0.996367943,0.993637037,0.994833904,0.992531458,0.993306617,0.986938928,0.997453421
383,0.998379949,0.994615005,0.99732417,0.996407426,0.996694992,0.995166281,0.995888831,0.99592357,0.99061736,0.997284169
384,0.996585651,0.995414555,0.996628839,0.993224904,0.993720346,0.993770742,0.991598471,0.992189043,0.987288491,0.99722604
385,0.998744758,0.995655669,0.999004045,0.996963494,0.99861608,0.996194148,0.995481529,0.994522996,0.986164748,0.999117396
386,0.993621691,0.996204503,0.997888357,0.996811201,0.997651241,0.995394978,0.996089083,0.991720174,0.988497831,0.997953351
387,0.99694696,0.99158555,0.997711709,0.99254593,0.993041757,0.993469946,0.991501532,0.989348514,0.982925106,0.997159441
388,0.990947883,0.99140567,0.996393894,0.99502447,0.995897329,0.991756668,0.991282763,0.989673753,0.985865414,0.994922194
389,0.995508418,0.994359541,0.997070097,0.995234471,0.996606863,0.99525136,0.994632769,0.991420306,0.986943576,0.997101529
390,0.996833029,0.994744894,0.997638077,0.994999356,0.996763959,0.992765058,0.992808325,0.994877113,0.987882774,0.996413044
391,0.99625736,0.996881083,0.997151055,0.996357562,0.998236924,0.995370315,0.995548089,0.995972943,0.987800587,0.998233181
392,0.998685081,0.997014156,0.997774496,0.997846349,0.997682648,0.996399465,0.996427431,0.995573197,0.989343109,0.998660295
393,0.997249651,0.997061407,0.998302242,0.997334428,0.997611623,0.996333469,0.996132837,0.9963891,0.986089295,0.998613887
394,0.99682697,0.99493603,0.998245243,0.993156992,0.997773366,0.994462726,0.993603464,0.989976986,0.989173392,0.9963611
395,0.997943452,0.995500182,0.998057096,0.997141279,0.997243814,0.993933899,0.993427086,0.992927445,0.986655401,0.998252355
396,0.997184975,0.996955037,0.99807622,0.997881714,0.998377051,0.997329018,0.997682542,0.997887277,0.990979374,0.999099219
397,0.993575482,0.993821363,0.993052783,0.990055782,0.993635614,0.99288887,0.990892395,0.99024012,0.974639469,0.995091827
398,0.997907208,0.996281494,0.998489982,0.998152795,0.999188862,0.996807508,0.996993493,0.996276809,0.988412685,0.999143144
399,0.995927168,0.996493812,0.998972148,0.997066277,0.997807651,0.996522733,0.996319417,0.99549074,0.988503563,0.998616554
