,LB,BOLE,MOOB,ARF,ARFre,VU-LB,FU-ARF,SS-ARFre,OALE,CALMID
0,0.872850412,0.907043357,0.871469053,0.749663308,0.746965134,0.869847544,0.756874527,0.745477795,0.903989253,0.866621768
1,0.936852429,0.961143015,0.937789799,0.950825411,0.895287711,0.93600357,0.817596806,0.796007961,0.945959896,0.921935712
2,0.916283731,0.969336601,0.930372429,0.985983324,0.979788384,0.954018979,0.81285303,0.776342223,0.950572933,0.917091444
3,0.951060463,0.968425146,0.935682452,0.987584214,0.986509794,0.94797766,0.898928382,0.739212989,0.944228877,0.923206032
4,0.986232064,0.967167203,0.944335926,0.994011437,0.990596993,0.948519106,0.947614666,0.843485857,0.950110914,0.933771742
5,0.985967694,0.966184892,0.929789175,0.995376333,0.993631665,0.947685536,0.963262682,0.937712649,0.938161249,0.936580504
6,0.988584327,0.963097091,0.928927961,0.995845236,0.994591806,0.939529158,0.961865913,0.953145203,0.938409331,0.934521466
7,0.996276901,0.971679998,0.943630052,0.998447344,0.997936973,0.954361811,0.984660058,0.974042046,0.946512488,0.948019832
8,0.996828512,0.972864246,0.945012918,0.998982912,0.998988968,0.946384858,0.985015787,0.977876945,0.944335938,0.830342677
9,0.993274711,0.962492982,0.929291125,0.997896162,0.994129872,0.938070084,0.982044584,0.974463914,0.935442181,0.943902384
10,0.994799203,0.971946394,0.933585072,0.999264352,0.997527505,0.946780611,0.984533566,0.979793789,0.949304867,0.978471883
11,0.996858944,0.972043817,0.946910095,0.998493226,0.997459491,0.947489841,0.989797756,0.983372572,0.947610716,0.990286285
12,0.998995505,0.97442061,0.953362012,0.998919148,0.999560262,0.90378325,0.991801217,0.988551657,0.956254657,0.996317349
13,0.995905176,0.972074262,0.976557867,0.998540472,0.997161506,0.905058134,0.991641927,0.988705085,0.947140897,0.995658551
14,0.996220885,0.968305801,0.989812361,0.998278453,0.992831995,0.964820059,0.990517689,0.987999959,0.948216609,0.995942817
15,0.994241653,0.968414914,0.989388231,0.997454421,0.999041478,0.984747489,0.994784428,0.992046638,0.966523394,0.996999159
16,0.995673142,0.969923855,0.988681876,0.998793297,0.998553998,0.988291389,0.992392266,0.991585197,0.974452351,0.998067845
17,0.998676911,0.980214478,0.989882506,0.999174778,0.999278391,0.995101227,0.995027913,0.9943662,0.978474006,0.998636392
18,0.998870413,0.984858364,0.992017667,0.994663724,0.995594068,0.993073716,0.993952954,0.992818355,0.97939517,0.998009502
19,0.994244221,0.990379869,0.993347795,0.99697936,0.997789519,0.993765464,0.992533376,0.990310866,0.983293251,0.997038221
20,0.995397815,0.988574015,0.988064037,0.998762431,0.998263203,0.991065945,0.995852455,0.994853306,0.980989804,0.996894768
21,0.991965088,0.990603894,0.992105124,0.997368025,0.992546145,0.993002517,0.984090735,0.985326497,0.981041189,0.995685388
22,0.997728588,0.995706226,0.995960016,0.999385432,0.998034933,0.995382766,0.994858426,0.994927131,0.984565286,0.999360195
23,0.998761804,0.994935273,0.994598589,0.99912314,0.998360438,0.996762507,0.997322983,0.996213585,0.986992669,0.999134228
24,0.997578355,0.997341383,0.994912761,0.999485464,0.997667917,0.997377025,0.996609983,0.995735681,0.985598036,0.998770531
25,0.997987176,0.996500783,0.995233297,0.999275,0.999116558,0.995592878,0.99707631,0.99588869,0.986788417,0.998949541
26,0.992615556,0.994443834,0.992614499,0.999494031,0.999054949,0.993089051,0.998167076,0.997868839,0.988027799,0.999087352
27,0.996965091,0.994086862,0.994546311,0.996570082,0.997135414,0.992056467,0.994852381,0.993589281,0.981803105,0.998721039
28,0.99789333,0.995113695,0.995181866,0.998873741,0.998910515,0.995117893,0.996526245,0.994726046,0.984748221,0.997943136
29,0.997626456,0.994098265,0.99256261,0.996796414,0.997555607,0.994062286,0.996191538,0.994704254,0.987057435,0.996985622
30,0.996390438,0.992067131,0.994184194,0.992728294,0.997474423,0.991110168,0.992617631,0.991296622,0.985205956,0.996514868
31,0.997551864,0.997772929,0.99694943,0.999760173,0.998192434,0.996606277,0.997481831,0.997391009,0.989297772,0.999649655
32,0.999016084,0.996655633,0.994535245,0.999249569,0.998404074,0.996584093,0.99752101,0.997053494,0.986769619,0.999648406
33,0.998288809,0.997340009,0.995628109,0.999325436,0.998994438,0.996211817,0.996212419,0.994408845,0.985365185,0.99856997
34,0.998464431,0.992976695,0.991973986,0.996444337,0.999399205,0.995432166,0.996443392,0.995702074,0.98142075,0.997449836
35,0.993267074,0.997560548,0.996345685,0.995740408,0.998193522,0.995062639,0.996420054,0.995694781,0.981941344,0.998682782
36,0.999051556,0.998422759,0.997548998,0.999778739,0.999388773,0.997905994,0.998996458,0.998642369,0.990232744,0.999647349
37,0.998921959,0.997403386,0.993332486,0.999456162,0.999427825,0.996101978,0.998623858,0.998167866,0.987703896,0.999324316
38,0.999422979,0.997925786,0.997685762,0.999261427,0.999303997,0.997958072,0.998276543,0.998725977,0.991413338,0.999358395
39,0.992462819,0.994703687,0.992466676,0.998608473,0.999130707,0.992743041,0.996437222,0.995422645,0.983120952,0.997490295
40,0.998465097,0.996406138,0.995197559,0.999475269,0.995503671,0.996317052,0.997301658,0.995452494,0.988571614,0.998873114
41,0.999457396,0.998269127,0.993751709,0.999788976,0.999636622,0.996718585,0.999224524,0.99882094,0.992505666,0.999808208
42,0.996217304,0.997777428,0.995753716,0.999214006,0.999301045,0.997050596,0.998430623,0.997968846,0.983844696,0.999558012
43,0.999258156,0.998502234,0.995714129,0.999426215,0.999375276,0.998365345,0.998399554,0.997954703,0.983293639,0.99945788
44,0.996824694,0.997946009,0.998390829,0.998663228,0.999337465,0.997813719,0.999279431,0.998749743,0.987553221,0.999388229
45,0.998095437,0.993861575,0.991148417,0.998936382,0.999333229,0.995074145,0.998516439,0.997838981,0.985167149,0.999324766
46,0.999046178,0.997114409,0.995633627,0.999258184,0.999670953,0.996059143,0.998104906,0.997586473,0.98746255,0.998578196
47,0.997934751,0.997442013,0.994423936,0.999111215,0.99850774,0.996306607,0.997698477,0.997668721,0.984779517,0.999389878
48,0.998688344,0.996874671,0.998293846,0.999605973,0.99916421,0.997469172,0.998565214,0.998628626,0.98986209,0.99919379
49,0.995816321,0.9962793,0.997626538,0.995864643,0.999275611,0.994887852,0.997479039,0.997007871,0.986300896,0.997781039
50,0.997501565,0.99754584,0.993918812,0.999138415,0.998757259,0.996762916,0.997133781,0.997896174,0.986048587,0.997673522
51,0.999148819,0.998573838,0.995708937,0.999568492,0.996031227,0.99840082,0.99603724,0.995137246,0.988920211,0.999639824
52,0.999285831,0.9991038,0.997442128,0.999298326,0.999648515,0.997452352,0.998295953,0.997794865,0.988721876,0.999578762
53,0.998551173,0.998173079,0.994758778,0.999557522,0.999247386,0.995658143,0.997543488,0.997510774,0.987744611,0.998679657
54,0.99923653,0.998109305,0.999057317,0.999533813,0.999900324,0.998603505,0.999437894,0.998868111,0.988586273,0.999785509
55,0.999318318,0.998307409,0.998503681,0.999455949,0.998835527,0.997140175,0.997774647,0.998600322,0.989998994,0.999549996
56,0.999510084,0.999179515,0.998665763,0.999669655,0.999164499,0.998555783,0.999149509,0.998832648,0.9932337,0.999844826
57,0.994362999,0.995416127,0.994685735,0.998536341,0.994824613,0.992511231,0.994765442,0.993456385,0.982017038,0.997597097
58,0.999415721,0.998002112,0.99912781,0.999387359,0.999677504,0.997994274,0.997813625,0.997940843,0.985523437,0.998855731
59,0.998864815,0.997093674,0.998498022,0.999577558,0.999241499,0.996575106,0.999199679,0.998524134,0.988664495,0.999445548
60,0.995716372,0.998936216,0.996449554,0.998757776,0.999259177,0.996826326,0.997692632,0.998182342,0.98620381,0.998649497
61,0.998323298,0.999120957,0.99726884,0.999607596,0.999523728,0.997854403,0.999038767,0.998761376,0.990371208,0.999525862
62,0.999074657,0.99923967,0.996626153,0.999760945,0.999548963,0.998225452,0.999217466,0.997709875,0.993111685,0.999419138
63,0.999359562,0.998878913,0.998788608,0.999577918,0.999344081,0.998904515,0.998911007,0.998372783,0.989801127,0.999152727
64,0.99675006,0.996615372,0.996848446,0.999635612,0.999520183,0.996906069,0.999288014,0.999334442,0.987654893,0.999337584
65,0.998239417,0.997525598,0.998258966,0.999876462,0.999651257,0.997949969,0.999639291,0.999330499,0.992253889,0.999648698
66,0.999393784,0.999179994,0.998921734,0.999309566,0.999597527,0.997924357,0.999006591,0.998860078,0.986918705,0.999555169
67,0.99888244,0.998716948,0.996890274,0.999864836,0.99981026,0.998864464,0.999554645,0.998930481,0.991789924,0.99973452
68,0.997758102,0.99854532,0.997467786,0.999529449,0.999329981,0.997113235,0.998327191,0.998582068,0.988626809,0.99890835
69,0.999614432,0.9993158,0.998614888,0.999687254,0.999723266,0.998541512,0.99690225,0.996081737,0.990304779,0.998858567
70,0.998848075,0.998155852,0.998969172,0.999699808,0.999802496,0.998333801,0.999026322,0.998632235,0.991343827,0.998750651
71,0.992739079,0.998032474,0.998487572,0.999599892,0.999340577,0.998201905,0.99920652,0.998936483,0.989861219,0.99956089
72,0.99850736,0.998172207,0.997745652,0.999153249,0.999364744,0.997881742,0.996872291,0.996641481,0.988868496,0.999596571
73,0.997976558,0.998777941,0.999408402,0.998751535,0.999652094,0.99842924,0.998325902,0.998798727,0.989777696,0.999730236
74,0.999722632,0.999356194,0.998713476,0.999823683,0.999798049,0.998957539,0.999753977,0.999501732,0.992692036,0.999878212
75,0.999437431,0.99786569,0.99883624,0.998931562,0.999503875,0.997189461,0.998614466,0.998850403,0.989386116,0.999404715
76,0.999574615,0.999019499,0.999028743,0.999566814,0.99964432,0.998886162,0.998790935,0.998445506,0.991337842,0.999805352
77,0.99600501,0.999021557,0.998302436,0.999056068,0.998066474,0.995901694,0.997783823,0.997563083,0.984352961,0.998890895
78,0.99945014,0.999440742,0.998516478,0.999715483,0.999701444,0.998912717,0.99941331,0.998150018,0.994473758,0.999688454
79,0.996141656,0.998397931,0.998868423,0.99932573,0.999547179,0.997934891,0.99855915,0.998656097,0.992751823,0.998955121
80,0.999305706,0.999139058,0.998926667,0.99990244,0.999774745,0.996985779,0.999171038,0.999479808,0.992802062,0.999894089
81,0.991767092,0.992432349,0.998843601,0.999130668,0.998877273,0.99430057,0.998337516,0.998094666,0.982305157,0.99867713
82,0.999103169,0.99926152,0.994373628,0.999771043,0.999584893,0.998219307,0.999605153,0.999260777,0.992151613,0.999792824
83,0.999731719,0.999835711,0.99942179,0.999853258,0.999728396,0.997492204,0.999411782,0.998962843,0.990954692,0.99970774
84,0.998943035,0.998887701,0.997517408,0.999706839,0.99965931,0.997654725,0.999302945,0.998999688,0.988278104,0.999480927
85,0.999221075,0.998880467,0.997952939,0.998428019,0.999376959,0.997615427,0.998475481,0.99813637,0.990071133,0.998865951
86,0.999612674,0.999339586,0.998835193,0.995327454,0.999681224,0.999232483,0.99760253,0.996990532,0.991840736,0.99885586
87,0.999574253,0.99922346,0.998909948,0.999664327,0.999810466,0.999165449,0.999614388,0.999214086,0.994115979,0.999786314
88,0.999772006,0.999900256,0.999000621,0.999903999,0.99952937,0.999039379,0.99948566,0.999200893,0.993913893,0.999771442
89,0.998594543,0.99862454,0.998835395,0.999625552,0.99850112,0.996231589,0.999159241,0.998878221,0.985713866,0.998800685
90,0.999459921,0.999681734,0.994807449,0.999789875,0.999750408,0.999278015,0.999428824,0.999335797,0.990368714,0.999694987
91,0.999564398,0.997768683,0.99927291,0.999698924,0.99935595,0.997678656,0.99950483,0.999288914,0.990980653,0.999833022
92,0.999742698,0.999673503,0.999675381,0.999808106,0.999714666,0.998420187,0.99978152,0.999613629,0.989881849,0.999871527
93,0.998317012,0.99445535,0.994376486,0.995802316,0.996854347,0.994448818,0.994374143,0.996569305,0.983560062,0.995169775
94,0.9928481,0.992074973,0.994943216,0.995857377,0.997303471,0.991598138,0.993782619,0.994016783,0.979720998,0.993077914
95,0.992885611,0.995293824,0.996716835,0.997503828,0.997649958,0.994133504,0.994794454,0.995104091,0.984742144,0.994242516
96,0.975461217,0.981599981,0.983136551,0.988640033,0.983885274,0.978517776,0.98582467,0.985410424,0.960001157,0.982743397
97,0.983006944,0.984725313,0.986879235,0.956826572,0.98041096,0.972423411,0.984299317,0.982358399,0.956833335,0.981319633
98,0.963412592,0.969271749,0.964737265,0.841454327,0.797164243,0.947032348,0.964941432,0.955795292,0.92177014,0.963416018
99,0.910633199,0.897788263,0.932075261,0.898062087,0.866569956,0.90400936,0.920922476,0.797982239,0.883326074,0.931175052
100,0.855850861,0.769866311,0.866326506,0.84474862,0.836486344,0.839754695,0.818406174,0.599781339,0.843063299,0.889502371
101,0.789701086,0.780585647,0.79754077,0.803405296,0.809948778,0.77423361,0.660568091,0.566676073,0.788674737,0.844959782
102,0.748258232,0.771785758,0.70762376,0.715404961,0.758880883,0.732537244,0.58465057,0.549950075,0.751379952,0.802455315
103,0.821476984,0.822252211,0.71101547,0.785769478,0.773225074,0.764691412,0.64055083,0.542213033,0.77783762,0.852386269
104,0.862236887,0.875709015,0.71776514,0.814367308,0.814877592,0.784398567,0.693916195,0.597224321,0.799103621,0.88098325
105,0.915559384,0.894848917,0.75988763,0.841673429,0.860182867,0.814103804,0.747028794,0.733595179,0.824606769,0.895874127
106,0.947920108,0.933430103,0.770991226,0.868557766,0.868687856,0.83485608,0.799862072,0.793576326,0.836697234,0.931160117
107,0.95481578,0.953424238,0.797470989,0.893867367,0.888965496,0.86485519,0.828146894,0.824055161,0.865025772,0.936234078
108,0.949015572,0.95001963,0.817671813,0.904989205,0.901638197,0.858736298,0.808368322,0.82624745,0.870020302,0.926440251
109,0.953788738,0.95284281,0.826987799,0.908028503,0.905659158,0.856531723,0.834888207,0.846967173,0.873698411,0.930775929
110,0.956608166,0.957747235,0.860020151,0.912439073,0.913558753,0.865249641,0.836520069,0.855578935,0.888837784,0.950701609
111,0.965791654,0.969401223,0.89110431,0.947559062,0.945103604,0.892827463,0.884970732,0.888463497,0.908867517,0.957727472
112,0.972464401,0.968690064,0.886406126,0.946679605,0.936259402,0.901378183,0.890775934,0.893133052,0.916096305,0.962980245
113,0.975703138,0.968409174,0.902784889,0.947531169,0.950120089,0.918788933,0.90454345,0.909174992,0.914325729,0.971196884
114,0.977491957,0.97498942,0.911985813,0.953725485,0.952631706,0.935524774,0.917556546,0.91896185,0.923339491,0.969693057
115,0.977675625,0.980057082,0.903982984,0.963103362,0.958038612,0.94209811,0.922772858,0.920854253,0.928221025,0.971915414
116,0.980868866,0.981953454,0.915003428,0.959553146,0.957434169,0.952556148,0.917515427,0.915861636,0.930757314,0.977877107
117,0.983015508,0.980650667,0.91344968,0.94904543,0.958667402,0.942669883,0.919406021,0.913761736,0.920970613,0.976318109
118,0.983764102,0.978396699,0.927396591,0.963682384,0.967542127,0.95292805,0.929316894,0.927532957,0.934828456,0.979739157
119,0.976903516,0.977421209,0.919804464,0.971798654,0.964369157,0.945355878,0.931325577,0.925206785,0.935204684,0.97741264
120,0.983323669,0.979822214,0.928870034,0.961371137,0.959285309,0.946359036,0.921347511,0.926402142,0.939988506,0.984500673
121,0.981074226,0.981094857,0.924056964,0.958211478,0.962527299,0.947690525,0.913494806,0.91577509,0.92066407,0.981613179
122,0.983065152,0.979056658,0.927466691,0.969086531,0.972124486,0.943496177,0.931429635,0.931421056,0.927336609,0.980085684
123,0.981178097,0.97555408,0.936698344,0.962625443,0.963901361,0.944127119,0.927948275,0.92722209,0.932278224,0.980719648
124,0.979789102,0.980878289,0.930350646,0.959251414,0.965480568,0.940347184,0.9184737,0.925343989,0.924588476,0.983100385
125,0.981273923,0.979702499,0.93627758,0.967644859,0.964152414,0.940053013,0.923370704,0.921188257,0.920525702,0.982784333
126,0.9847089,0.984388318,0.95693461,0.972955294,0.979339911,0.938674934,0.933168547,0.932463637,0.933592375,0.986042472
127,0.981144385,0.978550701,0.961022115,0.976421083,0.973831472,0.947254937,0.941300364,0.937054903,0.933793579,0.984073464
128,0.98701196,0.987850853,0.965735876,0.983057481,0.98391971,0.963392118,0.949906698,0.950675104,0.948228244,0.989416381
129,0.992846189,0.99424934,0.978998334,0.98572313,0.985954741,0.971791342,0.961415304,0.959392904,0.948522929,0.994202116
130,0.98936526,0.989816262,0.975140154,0.983322382,0.983135571,0.970250623,0.956044227,0.957205445,0.947950012,0.992193303
131,0.989839881,0.989468353,0.97773988,0.988092365,0.985233562,0.976179772,0.965024762,0.966770003,0.955605167,0.991924193
132,0.986927952,0.98607605,0.973139438,0.982250905,0.984304212,0.96693117,0.96564836,0.964038042,0.943213606,0.984865691
133,0.992494612,0.990357425,0.975999054,0.987111458,0.990588821,0.981068135,0.968569181,0.972139154,0.957507197,0.994036954
134,0.991698251,0.991224302,0.980316557,0.98990344,0.985174553,0.981431812,0.968054426,0.97108462,0.960445349,0.994574
135,0.989265052,0.98709238,0.975938311,0.985868745,0.979539386,0.972501014,0.968310527,0.966833925,0.945273193,0.987558803
136,0.994412263,0.993748319,0.985904316,0.991175524,0.991930463,0.985958998,0.974196381,0.975451746,0.958643011,0.994669116
137,0.992228504,0.992748705,0.981329317,0.989079973,0.987370254,0.979980322,0.970838118,0.97241124,0.955216976,0.993961046
138,0.988633579,0.987978459,0.974060173,0.984400166,0.984132601,0.972535772,0.967709129,0.97016385,0.951272224,0.988993719
139,0.987242429,0.986151386,0.970205721,0.98136177,0.979586984,0.971275196,0.962405203,0.966028044,0.953168214,0.987031178
140,0.981616703,0.987644018,0.965260152,0.979765345,0.976163959,0.96758038,0.955591205,0.961152546,0.945169894,0.991319932
141,0.978080044,0.983939139,0.959366371,0.964898024,0.970631153,0.958412513,0.950421751,0.953145453,0.943722294,0.985397248
142,0.974101492,0.982721306,0.952756253,0.910761577,0.924124399,0.950232902,0.94715065,0.950789841,0.933889664,0.980454211
143,0.9815363,0.984555994,0.94686194,0.913429769,0.898464114,0.946202513,0.944889177,0.947896304,0.928951531,0.984286196
144,0.961818141,0.964653025,0.915152664,0.865288514,0.871009942,0.917793195,0.912610571,0.915727279,0.896194365,0.969324118
145,0.947338362,0.965506265,0.89752095,0.89284355,0.872635439,0.910115701,0.887533313,0.889411474,0.888239571,0.966096485
146,0.962042226,0.97525096,0.935374177,0.892918022,0.879665108,0.921380501,0.907236012,0.900979098,0.904230098,0.971456726
147,0.960616422,0.97537891,0.948350651,0.920138533,0.893954085,0.941377401,0.928870245,0.92410162,0.912807504,0.976511278
148,0.960322939,0.976926128,0.954371237,0.926876477,0.910776196,0.933922514,0.933220686,0.918775287,0.913074847,0.975831093
149,0.969211514,0.976102237,0.962473098,0.927321747,0.920135746,0.94062605,0.934294419,0.920144244,0.928208288,0.975636221
150,0.961497902,0.973239432,0.95846276,0.918764357,0.916059456,0.935170836,0.926825053,0.904743596,0.92981857,0.974800663
151,0.964144043,0.968913768,0.945158452,0.917782797,0.91631332,0.936621756,0.918667525,0.899445805,0.924382346,0.971452907
152,0.969552957,0.977679461,0.942646125,0.920209858,0.921717245,0.944729301,0.917159665,0.906546595,0.934066161,0.976660002
153,0.969115263,0.973955257,0.946257065,0.914573845,0.915214534,0.944359759,0.916060951,0.904173304,0.928205888,0.974931761
154,0.972858968,0.967019148,0.954781438,0.943369267,0.938970897,0.953427753,0.929398321,0.909346256,0.943700777,0.980810981
155,0.982981736,0.976684437,0.957539002,0.936715139,0.947572795,0.959591215,0.933969734,0.919253155,0.948338659,0.985984197
156,0.979456863,0.969519796,0.945128909,0.937278873,0.938678131,0.952213167,0.929369899,0.909465143,0.942981524,0.979721112
157,0.982115211,0.971600538,0.947459663,0.928865978,0.933763458,0.951592078,0.92796864,0.914909742,0.932262974,0.982633726
158,0.970848453,0.966969777,0.944561379,0.938146953,0.928273098,0.946791047,0.924265552,0.909047435,0.931039119,0.975666937
159,0.981397489,0.970850237,0.947499029,0.93320618,0.935273328,0.955249017,0.927498676,0.919818622,0.939364122,0.980932519
160,0.974131126,0.969229397,0.949743945,0.943188031,0.948946521,0.958917225,0.928946134,0.931197426,0.944174126,0.978463335
161,0.975883847,0.966251552,0.957417818,0.953981684,0.946672181,0.959665263,0.934900653,0.931204291,0.940176766,0.98112421
162,0.978343194,0.97612441,0.957279029,0.954499491,0.950264872,0.957982176,0.925533406,0.917925309,0.938717439,0.980074604
163,0.977201674,0.970478126,0.948820979,0.950587229,0.959720749,0.957963917,0.934158673,0.928654833,0.939132535,0.977815632
164,0.983967537,0.978766787,0.958458948,0.962958379,0.960084364,0.967717058,0.933753099,0.938650028,0.954709749,0.98582172
165,0.986505809,0.979601687,0.959453866,0.963402109,0.957368701,0.972197905,0.941292023,0.932623349,0.952618484,0.991187116
166,0.986782822,0.980554006,0.956622734,0.957803876,0.951653598,0.972552043,0.946778563,0.937936901,0.944790189,0.988657488
167,0.987298503,0.980142503,0.961377237,0.957623879,0.96355957,0.975331776,0.94248039,0.941122979,0.951264024,0.988671382
168,0.982010303,0.969069733,0.959765702,0.952596603,0.959346475,0.954515387,0.931533969,0.929464282,0.936191165,0.975223527
169,0.982868118,0.971754738,0.96641322,0.961137917,0.961676739,0.956536369,0.936780386,0.93861004,0.9445366,0.97260761
170,0.982689737,0.980180663,0.969902503,0.967427126,0.962369374,0.969799699,0.937266992,0.944429046,0.94413611,0.982705811
171,0.978297763,0.975195436,0.961463622,0.956570374,0.960526883,0.955539681,0.931597662,0.932561577,0.938978779,0.974402865
172,0.985692036,0.980842994,0.971425025,0.970898043,0.970988878,0.959216976,0.951664753,0.944419786,0.947113277,0.975574404
173,0.988580361,0.986031924,0.970397621,0.971652234,0.966035153,0.960072822,0.95055045,0.944883363,0.947638535,0.9774572
174,0.98225463,0.979116602,0.976267447,0.966620022,0.967727298,0.960794901,0.946302352,0.949198214,0.951029813,0.979071685
175,0.988563219,0.982309614,0.980240081,0.973238744,0.970505862,0.964644467,0.954415988,0.9514977,0.953699535,0.977311793
176,0.982458162,0.98115746,0.973631785,0.972408628,0.973321206,0.957417121,0.953422794,0.949793196,0.94894878,0.979896192
177,0.985834946,0.981612672,0.976476057,0.972771707,0.96146097,0.96232141,0.953199987,0.948696892,0.951550742,0.976562468
178,0.977506894,0.976290664,0.969432749,0.962531929,0.960615966,0.960824254,0.949964768,0.943567976,0.946314788,0.978355107
179,0.979464216,0.980601943,0.979010828,0.967190098,0.969472803,0.953421357,0.953965664,0.950608959,0.954629269,0.973819705
180,0.975598072,0.985484749,0.973471375,0.965513802,0.970191843,0.970661058,0.951827567,0.951624046,0.960599188,0.983011701
181,0.967684219,0.973726508,0.972669621,0.963013504,0.962329011,0.955364433,0.950034951,0.94831645,0.951514627,0.975132109
182,0.977011478,0.986576206,0.972957056,0.971593606,0.979075274,0.973773657,0.961990892,0.963682278,0.961616556,0.987681667
183,0.973648846,0.981870821,0.977652794,0.970477277,0.980249226,0.970826245,0.959987947,0.964017565,0.955469174,0.985042537
184,0.983308829,0.984855169,0.980690354,0.977817269,0.977305135,0.972797571,0.966027775,0.966821321,0.962967971,0.98657663
185,0.983845898,0.988718093,0.982707923,0.978433098,0.982815039,0.980238652,0.969174483,0.970644127,0.968473718,0.988248607
186,0.98359532,0.98727729,0.976243869,0.977842535,0.978589154,0.979846581,0.969161783,0.971305978,0.965088125,0.987903263
187,0.966256326,0.976964079,0.951678728,0.956800521,0.955562168,0.958144875,0.9455634,0.948934246,0.943147542,0.973218913
188,0.952914667,0.965624468,0.948417258,0.96215415,0.957882519,0.940972551,0.94210503,0.942816871,0.935269504,0.95897053
189,0.976844601,0.985058332,0.972544162,0.97777822,0.977967925,0.971624062,0.969117663,0.971101737,0.963404629,0.982227658
190,0.989275433,0.993103874,0.990953838,0.993210079,0.989340085,0.987041679,0.986788071,0.985390853,0.976448977,0.992125871
191,0.993339421,0.996536285,0.995100559,0.994280552,0.996113687,0.993144423,0.991079704,0.992048836,0.986796595,0.996920701
192,0.996853028,0.995083945,0.997240229,0.997346518,0.997923513,0.993602378,0.994289161,0.995033996,0.989792134,0.996255648
193,0.9871978,0.994049261,0.994153962,0.992000824,0.993338081,0.986767362,0.989421446,0.991215591,0.980950668,0.992346251
194,0.997955747,0.995983664,0.99533118,0.997223302,0.997311054,0.992893891,0.993205862,0.993970797,0.987167994,0.996819126
195,0.995186277,0.996493919,0.998269777,0.998179469,0.998055951,0.993952306,0.996045264,0.996123768,0.989267237,0.996524062
196,0.99696834,0.995827129,0.99484978,0.996770395,0.996214126,0.991446004,0.993859356,0.993010017,0.981479171,0.994833316
197,0.995475496,0.996475814,0.996406964,0.997035454,0.996933814,0.995214612,0.99517177,0.994840827,0.989006448,0.996778288
198,0.992040362,0.993377136,0.995629555,0.994439213,0.994623622,0.990878114,0.991945106,0.990872851,0.981480546,0.995344525
199,0.992516839,0.992869392,0.993932222,0.993561125,0.992037563,0.98879347,0.99108055,0.989667329,0.980396341,0.994677923
200,0.984732484,0.9895506,0.993033988,0.987161511,0.990067231,0.986643497,0.988721516,0.985468774,0.973970815,0.992683912
201,0.988043281,0.987412555,0.989372818,0.962985746,0.963719039,0.982789219,0.984636413,0.982161157,0.97191906,0.988463263
202,0.98265038,0.984633156,0.989109037,0.928624779,0.879310619,0.982324689,0.981635436,0.978988414,0.974627433,0.990116092
203,0.986409334,0.981534047,0.980011315,0.939645251,0.918426984,0.974472775,0.972900722,0.968002575,0.963055995,0.985696859
204,0.988275564,0.987390927,0.984149124,0.957623517,0.946422819,0.982966724,0.97453422,0.967095039,0.968586733,0.990411645
205,0.987724293,0.986642823,0.98129931,0.956788864,0.953708302,0.980788581,0.97416584,0.95650928,0.967775574,0.989787988
206,0.991502863,0.989805827,0.984816052,0.971189097,0.962858102,0.986108639,0.979299181,0.962455211,0.97409704,0.990915391
207,0.992046603,0.989832276,0.980869491,0.965450882,0.968975691,0.98431146,0.974756642,0.950088539,0.968812048,0.991733711
208,0.989588092,0.987353793,0.980245936,0.96055726,0.960994744,0.978331527,0.967654443,0.933683393,0.961068197,0.987833838
209,0.98856022,0.98981318,0.985585383,0.966774407,0.970262154,0.983328419,0.975731344,0.95234662,0.969948558,0.990181109
210,0.994430994,0.99240521,0.987606501,0.982835947,0.984111307,0.988363173,0.979803924,0.959541355,0.978184611,0.994885439
211,0.991171272,0.988367475,0.979096771,0.968643325,0.97228097,0.981964529,0.972573446,0.955913542,0.971613777,0.987335013
212,0.993363671,0.988694088,0.987259998,0.972921674,0.972795933,0.986823862,0.97577975,0.958225106,0.972079239,0.993244021
213,0.990500349,0.989871721,0.981446526,0.962505014,0.966222639,0.983049044,0.972391686,0.956311642,0.966246197,0.991560125
214,0.989657054,0.991218867,0.982120891,0.967111084,0.965510844,0.985035103,0.972109392,0.954842409,0.969047145,0.991079889
215,0.988588295,0.984581999,0.980114885,0.960090704,0.960309815,0.979473656,0.967894268,0.953996742,0.965956243,0.989373888
216,0.982415351,0.986200653,0.972048733,0.947839935,0.941719505,0.971073013,0.954909779,0.937915063,0.949228755,0.987264205
217,0.976747821,0.975205145,0.963215503,0.932628199,0.939942797,0.961253784,0.943650332,0.924666785,0.939189557,0.977836993
218,0.966091128,0.972464538,0.948560065,0.901001019,0.909236908,0.94395819,0.916131695,0.893662173,0.915682407,0.973708804
219,0.961859183,0.972736451,0.945748976,0.856072827,0.886714658,0.943015527,0.914853842,0.895927355,0.921191395,0.971063626
220,0.960827027,0.971362616,0.934226191,0.822985189,0.863555163,0.939120873,0.895750174,0.880917936,0.910815051,0.970774943
221,0.962629841,0.962651536,0.934737496,0.869632973,0.844575546,0.924459703,0.855766609,0.867176463,0.898843957,0.971168663
222,0.957590585,0.963331304,0.92114191,0.904224041,0.886982784,0.9205321,0.842008701,0.858641488,0.898093027,0.964939457
223,0.959991161,0.964813184,0.924853629,0.893603886,0.902918377,0.927678065,0.842117015,0.865991849,0.898033385,0.969822418
224,0.960733409,0.966953249,0.917297078,0.897242293,0.892648846,0.922274453,0.816376952,0.838023206,0.890188752,0.963588983
225,0.97300982,0.96918665,0.934538543,0.913770643,0.90641537,0.937679976,0.823518313,0.850475264,0.891149662,0.975580173
226,0.976571847,0.969217662,0.944519199,0.923049389,0.909127915,0.938940688,0.836276116,0.864019406,0.903787117,0.970689855
227,0.980343032,0.975693815,0.959764166,0.938757606,0.92931085,0.953207791,0.8808632,0.888012297,0.929336368,0.976476944
228,0.974800425,0.973815367,0.964074015,0.942825017,0.940206573,0.94737076,0.888475476,0.88864957,0.923655672,0.973360558
229,0.949991238,0.960116638,0.942790956,0.930909675,0.938206613,0.923032767,0.879699467,0.880907289,0.911439053,0.955844234
230,0.923266073,0.957539176,0.918475371,0.921855023,0.933010138,0.907942576,0.86280801,0.86560037,0.898347612,0.939342153
231,0.953785329,0.979666849,0.955425077,0.950071681,0.957842537,0.949250106,0.904479622,0.909552276,0.932780818,0.966251737
232,0.960741699,0.977448092,0.975351366,0.962900907,0.966580794,0.95821696,0.920365418,0.927558403,0.938003621,0.970609518
233,0.978752189,0.987556405,0.98618481,0.980073678,0.976016812,0.975344998,0.938059431,0.946685902,0.955184627,0.985856046
234,0.980500421,0.989071658,0.986942113,0.980609383,0.981539298,0.972450114,0.946339917,0.950628178,0.95925922,0.985337975
235,0.984861428,0.991037373,0.989242037,0.989105931,0.986421184,0.980769618,0.958324237,0.961515933,0.963195951,0.99131542
236,0.99212236,0.9938556,0.989082612,0.988860938,0.986266802,0.983134578,0.963431497,0.967160578,0.963679446,0.99317622
237,0.990571224,0.992700407,0.990308098,0.987354261,0.98738347,0.981319103,0.967516795,0.972669599,0.969554673,0.991154914
238,0.989783388,0.992504771,0.988432589,0.990588901,0.989563456,0.981677172,0.967310612,0.970419677,0.964040207,0.991164526
239,0.989190919,0.993318782,0.989142162,0.985928069,0.98879264,0.981465078,0.970941295,0.97138577,0.964546271,0.992251226
240,0.993237938,0.993316409,0.98960745,0.990924623,0.990311276,0.985676496,0.9731191,0.973006052,0.968394507,0.994013097
241,0.994472913,0.994834296,0.993142206,0.991230006,0.990052475,0.98565254,0.970790007,0.97629076,0.963818995,0.996018515
242,0.994096439,0.994387908,0.989164741,0.988118046,0.990269233,0.982021549,0.969170363,0.973086043,0.961121818,0.99422114
243,0.993596695,0.989539354,0.99048078,0.990529996,0.988758241,0.984877935,0.973104073,0.975134481,0.962099641,0.993261816
244,0.995833785,0.996028239,0.993827508,0.991902392,0.990098008,0.9883075,0.97802168,0.97880599,0.97077906,0.995206996
245,0.995735986,0.994316876,0.990632841,0.990237049,0.992289403,0.98943367,0.977479515,0.978213428,0.972384431,0.995823099
246,0.996412386,0.995339616,0.993469929,0.994653165,0.993002653,0.989929074,0.981762418,0.98581131,0.978393364,0.996982607
247,0.99380944,0.993193475,0.989251763,0.986270291,0.990053157,0.987160367,0.976967768,0.977798196,0.967903051,0.994875839
248,0.994345341,0.993089173,0.991142337,0.990134525,0.989285466,0.990030571,0.97687568,0.981035476,0.968314913,0.995600399
249,0.992013349,0.986679573,0.983604161,0.985493443,0.987510833,0.983490151,0.970907665,0.969884698,0.957404549,0.992629329
250,0.988681119,0.987237022,0.986830166,0.983301745,0.984629436,0.98170713,0.967494438,0.968058472,0.958799921,0.990859066
251,0.983445513,0.983064669,0.982962605,0.962000044,0.933536739,0.9748628,0.956603145,0.960872975,0.947256882,0.984890842
252,0.980377549,0.984960693,0.977989398,0.920316851,0.88298893,0.978921332,0.95002782,0.954447222,0.952435777,0.988014819
253,0.982415679,0.978836927,0.972807481,0.880539895,0.912612182,0.976670038,0.941440368,0.943517019,0.945324092,0.987681037
254,0.983455,0.980161316,0.970819341,0.897791104,0.909629477,0.971645356,0.934740554,0.933292836,0.946611493,0.987724786
255,0.985648927,0.979751502,0.972225879,0.903220913,0.910188339,0.970501141,0.925316947,0.91436857,0.948997942,0.985205204
256,0.984531219,0.980863333,0.965741593,0.913044218,0.917033501,0.975858759,0.921499734,0.906267277,0.942590605,0.98573847
257,0.979415512,0.979020295,0.966092616,0.922771446,0.921919131,0.971218395,0.926638815,0.89983225,0.942607522,0.982029133
258,0.986722212,0.986169793,0.974839969,0.931621898,0.936590341,0.978914633,0.929768174,0.905016976,0.953727266,0.989299301
259,0.983399987,0.982222806,0.963669772,0.93181553,0.939740501,0.96937728,0.920701902,0.889854088,0.942521995,0.986258906
260,0.987113107,0.989355541,0.97503983,0.936745515,0.944053415,0.978848431,0.926786048,0.905462332,0.95535349,0.990120245
261,0.986378212,0.984080113,0.966562197,0.933596244,0.931740506,0.973934235,0.927900538,0.901186156,0.944138271,0.987222877
262,0.984042861,0.984509645,0.971020538,0.933134476,0.950279225,0.979120331,0.93057116,0.916534787,0.957429214,0.987293651
263,0.987689817,0.981950047,0.969265945,0.949792052,0.944951422,0.978187297,0.932036711,0.917940184,0.955338645,0.988779761
264,0.987436044,0.985471908,0.969612615,0.936767404,0.947487524,0.979996906,0.936728311,0.925095979,0.951402753,0.989720525
265,0.986094173,0.983663509,0.966883612,0.949132813,0.947760247,0.976700896,0.931100929,0.924674255,0.946562987,0.990030552
266,0.988110535,0.986802708,0.975386324,0.946772927,0.957331985,0.981195105,0.937180094,0.93441836,0.954693596,0.990879009
267,0.985770918,0.981972136,0.969993421,0.941371321,0.95416106,0.976495044,0.936692241,0.928223001,0.956344182,0.986172367
268,0.988410905,0.98761904,0.971093689,0.945812933,0.958315713,0.979272797,0.937297697,0.930844908,0.948743776,0.991339785
269,0.993003417,0.98978156,0.978877071,0.960787934,0.966869366,0.98726397,0.946648076,0.946656051,0.96604342,0.992534065
270,0.9892109,0.986004624,0.971188207,0.94548169,0.956371435,0.979118031,0.939147833,0.931169595,0.951113349,0.989573368
271,0.991435159,0.988779647,0.977546628,0.961936011,0.966412711,0.983415858,0.944922832,0.940885492,0.948677936,0.993422965
272,0.985629385,0.985483524,0.97143885,0.945830612,0.962356018,0.978018977,0.940154897,0.938172961,0.947723938,0.988669748
273,0.991828698,0.989647049,0.976543142,0.962865299,0.962213086,0.986436959,0.953059382,0.950832573,0.95701137,0.992294954
274,0.986651211,0.985499394,0.974607174,0.953701097,0.955354447,0.976173971,0.944898987,0.937059053,0.944640252,0.987748681
275,0.992797981,0.991611655,0.982073371,0.96072026,0.967972996,0.984744802,0.951943918,0.950629712,0.961289701,0.992605426
276,0.979424596,0.979972666,0.963345362,0.939616556,0.945400925,0.967544869,0.941614326,0.931550286,0.940801085,0.984761094
277,0.987799764,0.987050616,0.978434022,0.953404328,0.965643308,0.977990862,0.944215352,0.933012776,0.94205893,0.990091432
278,0.989467237,0.987878946,0.985283902,0.965006741,0.969200189,0.983371218,0.954263438,0.948678629,0.951885511,0.99151513
279,0.989481149,0.990679399,0.983871195,0.959953485,0.962955588,0.983172769,0.951932715,0.948704442,0.945161554,0.992919069
280,0.993080956,0.992351955,0.988987367,0.968862697,0.971866286,0.986271428,0.962505331,0.95481229,0.958560972,0.994145848
281,0.991697673,0.992396706,0.988431131,0.973109256,0.97635506,0.985249224,0.964433046,0.957828206,0.959867778,0.992411467
282,0.990993588,0.992697096,0.990080268,0.978375884,0.978818194,0.988476686,0.971965074,0.963532811,0.96236872,0.993999862
283,0.995760667,0.995915367,0.993398367,0.983600207,0.985550809,0.993009853,0.976843611,0.974249622,0.970009078,0.995986406
284,0.995763753,0.994769809,0.992929679,0.982325014,0.985729056,0.990606527,0.97555637,0.968599039,0.968847076,0.994071837
285,0.991784827,0.991221236,0.993442472,0.972674005,0.983726072,0.988147031,0.966104115,0.963413499,0.962727877,0.989513078
286,0.994017622,0.994138659,0.992222431,0.980893653,0.982759282,0.990042076,0.976910814,0.975065627,0.968974563,0.993984595
287,0.995729489,0.996154158,0.994677424,0.984759677,0.985759414,0.993135497,0.976096993,0.971280878,0.973327215,0.996727656
288,0.992056573,0.993046899,0.993541611,0.980562216,0.987520505,0.989840817,0.979053348,0.972300605,0.965327892,0.993479599
289,0.994024733,0.994404825,0.991913185,0.988337342,0.986575149,0.990336911,0.978943599,0.977294619,0.967913042,0.995275449
290,0.994226998,0.995798597,0.993188169,0.989043324,0.989674778,0.991842814,0.982308324,0.980440738,0.968734278,0.995822888
291,0.996462067,0.996530159,0.99397568,0.989407618,0.992622585,0.9932939,0.984183111,0.980702099,0.975178806,0.996880132
292,0.998152344,0.995931645,0.994045823,0.988973904,0.991450273,0.994901173,0.982467854,0.98177032,0.964796004,0.996442187
293,0.996421194,0.996073143,0.993548502,0.989405542,0.987915083,0.993616613,0.980892881,0.981212416,0.969757002,0.996178984
294,0.996078784,0.993816347,0.992770263,0.987814104,0.98727812,0.992009481,0.98196951,0.97830632,0.962921321,0.995633327
295,0.99281511,0.993624596,0.993506638,0.988505756,0.987203867,0.991469641,0.980174263,0.978122039,0.958800932,0.994824938
296,0.997762116,0.995615919,0.997105309,0.993176106,0.993602295,0.994888583,0.986351197,0.984163406,0.973906231,0.9974057
297,0.995741621,0.99587549,0.99038719,0.984477275,0.987221211,0.99169494,0.981343316,0.976108187,0.96642314,0.996096213
298,0.997365787,0.997394189,0.997213158,0.994000614,0.99458772,0.995796354,0.991011823,0.989551173,0.97997898,0.997984753
299,0.996278791,0.996321964,0.99561667,0.991463692,0.992685322,0.995313853,0.987659475,0.98652278,0.972206558,0.996733144
