,LB,BOLE,MOOB,ARF,ARFre,VU-LB,VU-ARF,SS-ARFre,OALE,CALMID
0,0.843344218,0.844042324,0.837025207,0.783578937,0.798497378,0.832479863,0.772136129,0.790977336,0.845587026,0.833534835
1,0.92991093,0.892340116,0.90779181,0.885628116,0.899609717,0.904358046,0.83547192,0.858239296,0.902771133,0.889181988
2,0.946638747,0.915283769,0.929733535,0.893367536,0.933277858,0.919844491,0.841395636,0.872995256,0.920679245,0.857155895
3,0.955478724,0.939598127,0.937656006,0.91465205,0.943467687,0.932571013,0.872852278,0.897099317,0.932177751,0.899336232
4,0.960714763,0.929336581,0.938702057,0.926357308,0.935138905,0.929167527,0.867383927,0.893196086,0.927865051,0.926933446
5,0.980678079,0.948985198,0.961529328,0.929385888,0.947002456,0.940120052,0.896170214,0.908068024,0.935872687,0.952172234
6,0.980699369,0.945681688,0.961347596,0.930374135,0.944617181,0.939999433,0.905986408,0.900883813,0.932447127,0.958367224
7,0.9824147,0.950671729,0.968926811,0.939033586,0.948738603,0.936872688,0.910293442,0.903878876,0.928117421,0.963151013
8,0.981675107,0.951436879,0.967177735,0.934947072,0.950431141,0.943661817,0.913991426,0.912576376,0.93066192,0.968820155
9,0.979813624,0.964680024,0.968420121,0.945601106,0.958612428,0.945001116,0.919148527,0.920435384,0.932484828,0.972386874
10,0.988832994,0.965243494,0.974604792,0.945490909,0.959358541,0.954343176,0.920863391,0.922055656,0.932868653,0.979294276
11,0.984575582,0.963468376,0.965919845,0.945196207,0.952692628,0.948439581,0.919065814,0.920661816,0.918164062,0.978243993
12,0.989192979,0.971985902,0.973845994,0.948217151,0.963939209,0.958972326,0.929439807,0.926574698,0.937355069,0.982696559
13,0.989705051,0.972538529,0.975729564,0.950277291,0.959151909,0.961231723,0.92806714,0.927927698,0.925090769,0.985432126
14,0.992621144,0.97431875,0.973078799,0.957613222,0.964589962,0.963522076,0.93252104,0.931054474,0.937223999,0.985137156
15,0.994507528,0.971386982,0.976265953,0.94928104,0.960222337,0.965267857,0.9289657,0.92940511,0.93950462,0.98165154
16,0.993253625,0.971354985,0.974384736,0.95562862,0.964192831,0.967150231,0.933711725,0.929598265,0.944313684,0.984864726
17,0.995024575,0.975458822,0.975519125,0.957242728,0.960908648,0.969918734,0.932731356,0.923647425,0.954705771,0.986863063
18,0.995890744,0.9744175,0.977603602,0.955336075,0.964831956,0.967836371,0.936504503,0.930441073,0.955311001,0.985671983
19,0.99872266,0.978730735,0.977677884,0.96422024,0.971361502,0.97410559,0.937835735,0.939843724,0.957677913,0.990752181
20,0.999087816,0.982401793,0.980898439,0.971598812,0.974939693,0.978529384,0.946639199,0.943321372,0.963389732,0.99275101
21,0.99823127,0.976635034,0.975055321,0.961960063,0.969178008,0.968036774,0.935407347,0.928643419,0.952016003,0.987898788
22,0.998389663,0.97996306,0.978921579,0.970679387,0.977334327,0.980279519,0.946230087,0.941308488,0.962545946,0.993651525
23,0.998369682,0.978581019,0.977055947,0.965674003,0.968320598,0.97874061,0.939740857,0.932230818,0.956553051,0.992027296
24,0.997306124,0.972766568,0.975353657,0.961258638,0.96381741,0.97361555,0.931810259,0.925108282,0.956035742,0.989465789
25,0.998743486,0.979545996,0.978876393,0.970478686,0.972551423,0.981758805,0.946254753,0.938229007,0.963673182,0.994051947
26,0.994473538,0.9790343,0.976944554,0.966061205,0.972600293,0.978871316,0.943513305,0.92889292,0.967262616,0.99149976
27,0.994276504,0.975557185,0.975664296,0.965898106,0.970649022,0.976309888,0.947317384,0.940853592,0.960366807,0.990791265
28,0.997892851,0.980521727,0.976838433,0.965667801,0.973222686,0.981604854,0.946556098,0.934312906,0.966629021,0.994710528
29,0.998587006,0.981644087,0.977515452,0.972408511,0.973913829,0.982180145,0.949909838,0.940966287,0.966091778,0.994780177
30,0.992166547,0.9766848,0.97752858,0.970767233,0.973801696,0.982429651,0.95426993,0.945282956,0.967285448,0.9899735
31,0.996706918,0.984372092,0.982324383,0.978450465,0.978987428,0.985463588,0.957847628,0.947261185,0.973635379,0.99491128
32,0.994072632,0.977736455,0.97174288,0.968334282,0.969097362,0.981012139,0.944505798,0.936249335,0.966825229,0.992374742
33,0.99825296,0.983271284,0.978971699,0.971614012,0.981942467,0.986212734,0.956532128,0.947987468,0.968857903,0.995728358
34,0.998555585,0.979080275,0.974526233,0.971674718,0.976500162,0.984198919,0.955061465,0.943156684,0.965538798,0.995280354
35,0.992611084,0.978205994,0.972119011,0.968891695,0.975452856,0.97866907,0.952043018,0.941335502,0.96448863,0.992312499
36,0.998832012,0.98554718,0.982345426,0.976183226,0.983160475,0.987750031,0.964869712,0.956999125,0.972904849,0.996959116
37,0.999127958,0.983350643,0.979018807,0.976159132,0.982098772,0.989085343,0.959757969,0.951300005,0.973080786,0.997820142
38,0.998384023,0.982438768,0.97990254,0.975196637,0.979808446,0.986197745,0.961348199,0.951231557,0.974186914,0.995799872
39,0.999053521,0.98694251,0.982225622,0.980869691,0.985310154,0.989470693,0.96560828,0.954211005,0.974844289,0.997981132
40,0.999042133,0.9849855,0.979821905,0.976204863,0.981849678,0.988515356,0.961640326,0.952363702,0.973680741,0.99787828
41,0.998910639,0.986857371,0.983141029,0.979740828,0.981849791,0.989181763,0.964871935,0.957435836,0.973549303,0.997943841
42,0.998206943,0.98256817,0.976025939,0.974150379,0.979773387,0.98499615,0.960314033,0.951756401,0.968655667,0.996278566
43,0.998951815,0.984852803,0.981780575,0.977283139,0.980472937,0.985038034,0.961088256,0.949000686,0.970888957,0.997987086
44,0.998237438,0.985090561,0.979920754,0.974750125,0.98218969,0.989069848,0.963590747,0.954175597,0.975148902,0.997195299
45,0.996717249,0.983974889,0.979700266,0.975153451,0.981986094,0.986641189,0.960900249,0.951858852,0.970786136,0.996268267
46,0.999424884,0.987053484,0.985152601,0.980031527,0.982999762,0.990626411,0.967004447,0.95695837,0.975722868,0.998147706
47,0.999150802,0.988498984,0.983168593,0.979988263,0.985910756,0.989414196,0.967518537,0.960441364,0.97392143,0.998177069
48,0.999030395,0.982157142,0.98034259,0.976201276,0.983185556,0.986392684,0.961797012,0.95486916,0.968396206,0.994985953
49,0.998691015,0.985879437,0.981229411,0.976869413,0.985138164,0.990008568,0.967353295,0.958129836,0.974951356,0.997966777
50,0.999259273,0.987916189,0.979847149,0.978303387,0.982569381,0.990974018,0.965624914,0.954484125,0.970147187,0.998678826
51,0.998812417,0.98856102,0.981025285,0.974886037,0.98191416,0.989488314,0.964988763,0.956547709,0.972335653,0.997982919
52,0.99883931,0.985448387,0.979156079,0.976938448,0.982943615,0.988356148,0.964302606,0.959340844,0.971910197,0.995815511
53,0.998647987,0.98760881,0.980800747,0.972895808,0.980147878,0.988814541,0.960003718,0.951152671,0.970313907,0.996234598
54,0.999858073,0.990871028,0.987022249,0.983208796,0.986707085,0.995464334,0.970114966,0.960929931,0.980713757,0.999530156
55,0.998997381,0.992827792,0.988221856,0.981897406,0.987262418,0.994555961,0.972039873,0.964890402,0.978315145,0.998756994
56,0.998802309,0.990190822,0.985341317,0.980048233,0.982118161,0.993788893,0.967893962,0.957823098,0.975583032,0.998573919
57,0.99929172,0.990764668,0.982081332,0.983535918,0.988853014,0.994436969,0.969651663,0.962156218,0.978136007,0.998955736
58,0.996452068,0.991133074,0.984052407,0.980545753,0.983502513,0.993545243,0.96731642,0.957143416,0.972100848,0.996089523
59,0.99951767,0.991258759,0.988998139,0.980078148,0.988791706,0.99525924,0.972393967,0.964559289,0.97865241,0.997495392
60,0.997194617,0.988910331,0.986529868,0.976140519,0.98244522,0.99078876,0.965744733,0.955809579,0.974568599,0.996349818
61,0.999099894,0.987313391,0.984057447,0.974072497,0.980231808,0.985429236,0.965622119,0.954189112,0.972572006,0.996027783
62,0.999304397,0.991450131,0.988225389,0.980608132,0.983927233,0.994268058,0.966483099,0.954144614,0.977054142,0.999193124
63,0.999664547,0.992722097,0.990881643,0.982618225,0.987711442,0.996287277,0.974676323,0.965206746,0.983632961,0.999154153
64,0.999060053,0.99264082,0.988337927,0.981636122,0.984195051,0.995261893,0.969044612,0.960778639,0.980019448,0.998806782
65,0.998891331,0.992591892,0.990180913,0.980891389,0.982668057,0.99207532,0.970917594,0.96219442,0.980197753,0.998436937
66,0.999641267,0.995468922,0.995288141,0.985689981,0.988058052,0.996535863,0.974506233,0.966811232,0.98608217,0.999365272
67,0.999635663,0.995681663,0.995163353,0.987381446,0.989870558,0.996721832,0.977966762,0.968612564,0.985093433,0.999549957
68,0.999201158,0.994606517,0.990008649,0.984339327,0.988097775,0.995380875,0.972592122,0.962107321,0.981873766,0.999087153
69,0.999405714,0.995779704,0.992761364,0.982777793,0.988358316,0.995723434,0.975789479,0.96511281,0.983810906,0.998961456
70,0.9990739,0.992546007,0.991881443,0.98244893,0.989016853,0.994114834,0.974476348,0.964733495,0.980432682,0.997822027
71,0.999319396,0.996165871,0.994275732,0.978944415,0.984305816,0.994495321,0.969392511,0.960309437,0.979660641,0.999237369
72,0.999105688,0.994476954,0.99548116,0.978074304,0.983973456,0.994723337,0.974445121,0.96483859,0.983524708,0.998740978
73,0.997903449,0.992071086,0.989882744,0.974590488,0.980915157,0.99227042,0.968264482,0.953810791,0.976234282,0.996860119
74,0.999593767,0.992426889,0.99290773,0.981861887,0.984528303,0.99404939,0.973437957,0.962647504,0.9794959,0.997093479
75,0.999374295,0.994571734,0.993794816,0.98285179,0.984848506,0.995567358,0.975374889,0.962858161,0.978281435,0.998853975
76,0.999485962,0.99537095,0.993057718,0.981940751,0.98578851,0.996318436,0.974951191,0.96211266,0.982172924,0.999126857
77,0.998777447,0.995397515,0.995541465,0.980124509,0.98551612,0.995083332,0.97372669,0.964273963,0.981894555,0.998952026
78,0.998989311,0.996120149,0.996364837,0.982306085,0.987197616,0.996191548,0.975389365,0.964557412,0.983596977,0.99953142
79,0.996464875,0.995009283,0.989698513,0.982063479,0.984867462,0.99471113,0.971827123,0.961907021,0.979171773,0.998570274
80,0.999218337,0.994688971,0.995061991,0.982384688,0.988281039,0.995317472,0.976317489,0.965244248,0.982439794,0.999045284
81,0.998599498,0.99405882,0.994960877,0.982069543,0.983256348,0.994780298,0.972878517,0.962123342,0.976623849,0.998359451
82,0.999019748,0.996237512,0.995481262,0.985611072,0.989219078,0.99669117,0.978690153,0.968449244,0.98361896,0.998906287
83,0.999675369,0.994847708,0.994230138,0.984074656,0.987864201,0.99497013,0.974918347,0.965329614,0.98053239,0.998918958
84,0.998894163,0.995129296,0.994268235,0.980035073,0.982574102,0.994609678,0.974582344,0.963137326,0.979791802,0.998551582
85,0.9990757,0.994895997,0.994180075,0.987234722,0.98884901,0.996183632,0.977541339,0.967571582,0.980660806,0.99874817
86,0.999469872,0.996406436,0.995465389,0.984368648,0.987314687,0.997140372,0.976792439,0.966725709,0.985040957,0.999077223
87,0.997540631,0.9960456,0.996039324,0.984393647,0.987965361,0.997028921,0.97940668,0.972069769,0.986839699,0.998121527
88,0.999799332,0.997934449,0.998653908,0.988886045,0.990781411,0.998267229,0.981729407,0.975712878,0.988522812,0.999660118
89,0.999505587,0.996272098,0.995658059,0.987682854,0.989151175,0.997400267,0.980524492,0.970582398,0.982017345,0.999364618
90,0.999633423,0.997411184,0.997089674,0.98693964,0.988794698,0.997058674,0.981075809,0.970044545,0.986363295,0.999437364
91,0.999851779,0.998073048,0.99861631,0.986767545,0.991347515,0.998532777,0.985388725,0.978546616,0.987808115,0.999688826
92,0.997677424,0.994658043,0.995902448,0.985056839,0.989304635,0.995766109,0.980470635,0.972159276,0.982843165,0.997425087
93,0.996748086,0.996094927,0.99623243,0.987795106,0.987249502,0.997132556,0.979547575,0.970956279,0.983163734,0.99926396
94,0.997775214,0.993473507,0.995614624,0.982115933,0.985989009,0.994949637,0.974358466,0.964893617,0.983071402,0.996255941
95,0.999821879,0.998309683,0.997674316,0.986008611,0.98686955,0.997719805,0.979172089,0.968211175,0.985314634,0.999773588
96,0.999627285,0.997298787,0.997296666,0.985491936,0.989948068,0.997611214,0.980203155,0.969573548,0.98404208,0.999679878
97,0.999765774,0.997026141,0.996845606,0.985084922,0.989408117,0.997863166,0.981380716,0.972607422,0.983630347,0.99953938
98,0.99943154,0.99649764,0.996176691,0.987374052,0.992292052,0.996887145,0.980703426,0.972104639,0.982432985,0.999277071
99,0.999681065,0.997609767,0.996892199,0.986195796,0.988952786,0.997032392,0.979010172,0.969000356,0.985174795,0.998827734
100,0.683280721,0.687471086,0.609257296,0.612642071,0.581918082,0.546998469,0.499891066,0.50528974,0.666860201,0.611622367
101,0.731653748,0.771024437,0.648237722,0.726157242,0.690889538,0.660035713,0.556129301,0.549828469,0.713255072,0.76811714
102,0.726960506,0.773889974,0.600557142,0.714579095,0.749952136,0.666689978,0.512215862,0.53007315,0.690096178,0.77971152
103,0.841015598,0.819142306,0.651393273,0.782746275,0.803974969,0.727708323,0.540788764,0.528527807,0.759434148,0.8443775
104,0.879446692,0.865954814,0.687375271,0.811352839,0.826147781,0.752585996,0.54914157,0.527356838,0.77771762,0.897113492
105,0.919973903,0.865594514,0.726012279,0.848895415,0.849418032,0.773181632,0.667786594,0.531734616,0.799287339,0.902386787
106,0.948362199,0.899466385,0.737015069,0.877235017,0.874395217,0.820452168,0.760158735,0.672885242,0.823881683,0.936593105
107,0.953411234,0.900089573,0.769782818,0.908193829,0.893598118,0.832841622,0.805967282,0.772846752,0.852719766,0.935540717
108,0.952476323,0.903349529,0.779884434,0.911354882,0.898369104,0.834860676,0.830932779,0.814497786,0.846585031,0.931125371
109,0.95388463,0.916925061,0.820720595,0.913737073,0.899211845,0.845080302,0.848619894,0.844422391,0.861919506,0.937466847
110,0.950617652,0.929120021,0.832450139,0.923454113,0.905728458,0.873162024,0.861655164,0.856415522,0.876733591,0.943823423
111,0.970382602,0.943628844,0.861601862,0.944454457,0.931135563,0.909876501,0.903085222,0.905556805,0.897421424,0.959996139
112,0.968257996,0.941895268,0.84649285,0.953432679,0.943054129,0.923094102,0.900544883,0.908655778,0.906878104,0.963756041
113,0.973860453,0.957463838,0.879556489,0.952915029,0.944886555,0.93711957,0.906871358,0.917802273,0.918151953,0.968771604
114,0.969563449,0.964793795,0.871627819,0.958254298,0.934197617,0.941561425,0.915556166,0.925367195,0.913268224,0.970519762
115,0.979117266,0.966552524,0.893363857,0.956114793,0.951189527,0.945562029,0.923448959,0.929221921,0.916479376,0.971912481
116,0.980720362,0.970431868,0.895985401,0.964732181,0.945161472,0.952001717,0.929169306,0.934874492,0.932528308,0.976636645
117,0.980892328,0.965558932,0.897081859,0.95643255,0.950430148,0.948592878,0.917432875,0.922993393,0.912558203,0.97689395
118,0.981935011,0.970660127,0.890341363,0.97102822,0.962589752,0.957296347,0.930730876,0.938829236,0.926923286,0.978215151
119,0.975784413,0.969850016,0.906208661,0.971134111,0.961993525,0.953562457,0.933447475,0.933124942,0.925926817,0.975675881
120,0.981184954,0.970940671,0.912105372,0.972346736,0.962008915,0.962011643,0.928255311,0.930589992,0.924204736,0.982952106
121,0.980008427,0.974131115,0.897843315,0.968092703,0.959442863,0.954339112,0.92436414,0.930428125,0.914942691,0.977929999
122,0.981245578,0.969226428,0.906227784,0.967267855,0.959103729,0.949495961,0.937250722,0.937689313,0.919531657,0.977445232
123,0.979787891,0.969948298,0.913374129,0.968671905,0.96208243,0.955140105,0.935472344,0.935757872,0.926315401,0.977437122
124,0.979111082,0.968918367,0.920740394,0.975798053,0.962984076,0.952570513,0.927769456,0.927772915,0.917830711,0.978130514
125,0.977827158,0.968270966,0.907189406,0.971697589,0.964816192,0.949584238,0.930151033,0.925571903,0.909162134,0.976492848
126,0.981606199,0.969285384,0.926586151,0.977852391,0.976014753,0.957336423,0.940221255,0.937450337,0.920440615,0.983768572
127,0.97765395,0.973357296,0.935892006,0.972851031,0.968828053,0.956661686,0.943402554,0.938865883,0.931169708,0.979225082
128,0.984316806,0.981946764,0.950764482,0.980112653,0.977332468,0.96896422,0.957163557,0.953885457,0.946542722,0.985648202
129,0.991372203,0.989448068,0.957438474,0.982840858,0.979939467,0.972653412,0.96330152,0.956869192,0.940065179,0.992582228
130,0.98933262,0.985535254,0.967396012,0.984459398,0.980427029,0.976306485,0.966915875,0.958544128,0.952561484,0.989758287
131,0.986717591,0.985603097,0.961524069,0.985914051,0.982056053,0.977892343,0.974981855,0.968963969,0.954185576,0.988451788
132,0.980561068,0.980678199,0.957282618,0.986883209,0.981565825,0.976183818,0.972442654,0.96422769,0.942968062,0.98485329
133,0.988504039,0.987625212,0.964873392,0.988033536,0.986897566,0.982418383,0.978772695,0.975451607,0.953984094,0.991684086
134,0.989069883,0.9878996,0.962882375,0.988428372,0.984264484,0.982031515,0.975161498,0.971465314,0.954510353,0.990548473
135,0.985959772,0.979428501,0.963886108,0.985765277,0.984992683,0.977905979,0.975293519,0.969516654,0.945829106,0.987524746
136,0.99296561,0.987332729,0.965465382,0.98993812,0.985591274,0.985139053,0.980795724,0.977974303,0.954647398,0.992686084
137,0.991833029,0.9842017,0.959517075,0.986589086,0.985774701,0.985143978,0.978307921,0.973401863,0.953933335,0.99348681
138,0.986767838,0.980600529,0.965694642,0.98272973,0.983527091,0.979543959,0.976179679,0.97132282,0.95758096,0.988929317
139,0.980529106,0.978871117,0.957896023,0.978698148,0.976677394,0.978474536,0.972582668,0.970500283,0.94659025,0.987562073
140,0.991235544,0.978840995,0.942423823,0.977937671,0.971943128,0.976002522,0.967753314,0.964439318,0.940939281,0.99031742
141,0.98092309,0.973877579,0.934417538,0.935873173,0.964170974,0.968789618,0.964265671,0.960378371,0.937020123,0.984321229
142,0.980148283,0.972485041,0.91995093,0.880711665,0.954103533,0.961616175,0.955807633,0.95152366,0.922841234,0.981066082
143,0.981790014,0.970683649,0.934550658,0.918921909,0.954420025,0.964417595,0.951764955,0.951662499,0.92298254,0.983423933
144,0.959136855,0.951386501,0.894252718,0.889269438,0.907375164,0.94016109,0.9201102,0.922458976,0.890328402,0.970228349
145,0.939447792,0.946859259,0.859926393,0.87006525,0.873426602,0.922937143,0.874451919,0.886504847,0.874478069,0.963018061
146,0.956063836,0.960906457,0.901478675,0.881214864,0.873782551,0.943939334,0.890172915,0.89974011,0.896030723,0.972892291
147,0.963004328,0.960647049,0.922547997,0.910617721,0.907483902,0.950503511,0.903763775,0.922299209,0.910815589,0.974208834
148,0.965367188,0.96496803,0.936593745,0.914666797,0.914888188,0.949934164,0.893721291,0.921964079,0.909415666,0.976612709
149,0.971520216,0.962093311,0.92373895,0.923252345,0.920659642,0.955371504,0.891706607,0.923446003,0.919450883,0.976974379
150,0.968302121,0.961912436,0.938525731,0.908125182,0.918318197,0.95141099,0.896441058,0.914505296,0.925086055,0.97430586
151,0.967180203,0.951510637,0.920747877,0.906597245,0.927874689,0.952068354,0.895131233,0.905159405,0.917950005,0.972670234
152,0.975070368,0.953347074,0.929820407,0.921450709,0.922742765,0.959492882,0.898240529,0.908423361,0.925574206,0.977575942
153,0.973497265,0.95043647,0.917469365,0.896748419,0.919821623,0.956555847,0.893989563,0.907831407,0.915783494,0.97567113
154,0.978262337,0.960181627,0.918555607,0.928677603,0.938071079,0.965275412,0.915600685,0.925224555,0.928333558,0.981076603
155,0.983176011,0.970696336,0.92932397,0.944543318,0.948617096,0.972614384,0.925123005,0.924595922,0.935903323,0.986801958
156,0.977983832,0.963750878,0.930755367,0.934918352,0.933186655,0.967741043,0.921063534,0.923089882,0.937945251,0.9814101
157,0.982112541,0.960233659,0.921384607,0.931557901,0.937001134,0.966271356,0.922135594,0.923975726,0.924844381,0.983959832
158,0.975421169,0.954561112,0.92518767,0.937631176,0.928021002,0.955162491,0.91955444,0.917859393,0.925234596,0.975217069
159,0.978738603,0.962767486,0.92451248,0.929148327,0.937563548,0.961368292,0.925813364,0.927084484,0.9280008,0.980274475
160,0.974389694,0.960323806,0.931816003,0.928420783,0.949359036,0.959199467,0.934327264,0.931716898,0.935795819,0.977899679
161,0.982556852,0.96312063,0.927020797,0.940020694,0.949497754,0.964011414,0.933321388,0.932309643,0.934869256,0.983441089
162,0.98055643,0.961877997,0.923225559,0.939012574,0.944531168,0.959715757,0.924145186,0.916969164,0.924756731,0.98126982
163,0.981727049,0.960817805,0.924083278,0.945675481,0.95516892,0.961555365,0.936202811,0.929840392,0.929989975,0.977038805
164,0.983340621,0.969861816,0.927856025,0.951315208,0.954992575,0.970374921,0.943659575,0.938856098,0.94284782,0.98448967
165,0.987072103,0.977408399,0.932880067,0.955474206,0.954695529,0.977220847,0.942358603,0.939154635,0.940766735,0.992251229
166,0.989492844,0.980298282,0.933994106,0.947661268,0.962320433,0.977558755,0.941938096,0.939144309,0.932136156,0.988334688
167,0.987257764,0.975773551,0.93542798,0.955576683,0.959401471,0.973210142,0.943268374,0.937586481,0.936013321,0.985274547
168,0.983180513,0.963894785,0.931461071,0.945922093,0.9506743,0.967818747,0.933822933,0.93282226,0.928941053,0.979941299
169,0.984478868,0.9642649,0.93817283,0.952250892,0.960997021,0.960129761,0.938513307,0.939855134,0.92949485,0.972604041
170,0.98662674,0.97754491,0.941324509,0.951816555,0.960137491,0.968518942,0.940947116,0.941083011,0.936912161,0.979672298
171,0.979067331,0.960690636,0.920785342,0.956417974,0.95380624,0.961144531,0.931368255,0.933170989,0.927393908,0.976018537
172,0.987312783,0.974992972,0.946770195,0.960080746,0.970341022,0.964091851,0.948862647,0.946545789,0.935099356,0.978137572
173,0.989862168,0.974982132,0.940588364,0.970275597,0.968318394,0.963493806,0.942355886,0.937605732,0.940314582,0.98244196
174,0.982397617,0.97220647,0.951835729,0.970233615,0.973686654,0.9697288,0.949891751,0.949984377,0.952235617,0.982112641
175,0.983179094,0.980034288,0.958589396,0.969806715,0.978501795,0.96737934,0.948885043,0.9510095,0.953765683,0.981096008
176,0.979091666,0.970389648,0.952755688,0.96913038,0.968384607,0.965192906,0.948006513,0.94836989,0.937827966,0.979072377
177,0.987514573,0.977728879,0.97055313,0.971307438,0.967122219,0.969067958,0.948754613,0.952016855,0.951141972,0.978493742
178,0.981932162,0.96924235,0.964239106,0.963206732,0.95719287,0.966594711,0.945047684,0.94850305,0.943192052,0.979314709
179,0.987450339,0.975995337,0.957082562,0.970451249,0.971257406,0.962136983,0.954238189,0.952137288,0.943371925,0.982070428
180,0.982559707,0.981248407,0.965303161,0.968049314,0.970001298,0.973904166,0.957500315,0.952084122,0.956425928,0.984608283
181,0.97884081,0.977975661,0.958778257,0.964189163,0.969574085,0.960733824,0.94823422,0.948435346,0.947208618,0.97633053
182,0.988430916,0.987676503,0.966667491,0.974469227,0.973998498,0.980544122,0.963867038,0.961791536,0.956949947,0.987734689
183,0.985830265,0.984964902,0.967784464,0.980018153,0.97841554,0.976860419,0.966636829,0.963059955,0.957210552,0.985278586
184,0.98475443,0.985863626,0.961674377,0.97830388,0.979243632,0.981787265,0.970558352,0.965610985,0.962370329,0.987454587
185,0.989104983,0.989466126,0.970602789,0.977859346,0.979436574,0.983464312,0.968625157,0.96830377,0.965406955,0.987440645
186,0.988102745,0.988025301,0.965642287,0.975821853,0.977505181,0.983290491,0.971958751,0.970712607,0.964117762,0.987053648
187,0.969648122,0.968867168,0.936693764,0.960015179,0.95918741,0.962547403,0.949068457,0.94467897,0.94126767,0.973251992
188,0.954625988,0.954810723,0.93727627,0.958174949,0.960580407,0.941101127,0.942263598,0.945845007,0.941741399,0.95916487
189,0.982811402,0.980340999,0.970141335,0.980451033,0.981294276,0.973047359,0.968915093,0.969648246,0.964945409,0.979889815
190,0.990016494,0.991777977,0.982109404,0.99231378,0.992024716,0.987631266,0.984844036,0.985825193,0.980788624,0.991474908
191,0.994763987,0.997059051,0.991525649,0.99743876,0.995903627,0.993923894,0.993073755,0.992243421,0.987371413,0.996190894
192,0.995840342,0.994963584,0.994459522,0.99784873,0.996971316,0.993055597,0.994825131,0.995588715,0.992213528,0.995807385
193,0.988738804,0.994545362,0.987954352,0.994997627,0.99537317,0.984740666,0.990446875,0.990014877,0.980538772,0.990248572
194,0.997800827,0.995842581,0.990078253,0.997682404,0.997382751,0.99109265,0.994878431,0.993712196,0.986831725,0.995919886
195,0.996495327,0.996633401,0.993942282,0.998276731,0.998192686,0.992843383,0.996098028,0.995200828,0.989777848,0.996225969
196,0.995870147,0.995689759,0.992240734,0.997682991,0.997505149,0.990648786,0.99366896,0.993060585,0.984468351,0.992927786
197,0.995907158,0.997253028,0.99283646,0.997440321,0.996231104,0.99394096,0.994593126,0.994981198,0.989413228,0.996332627
198,0.994949941,0.992830515,0.988154884,0.996753143,0.996069129,0.989640263,0.992253459,0.992220139,0.981712766,0.995226459
199,0.994349124,0.991946737,0.991250071,0.994365754,0.995264693,0.98653715,0.989989185,0.989839221,0.982395739,0.993705128
200,0.99055744,0.987959936,0.987580571,0.993196605,0.993272825,0.982588175,0.984506886,0.985391333,0.978138374,0.992888625
201,0.989281138,0.986231773,0.977766957,0.987137303,0.974811881,0.979008829,0.978823193,0.978876466,0.968495717,0.989622346
202,0.986663088,0.983718961,0.976835747,0.923837283,0.875355675,0.981047834,0.970017565,0.973980919,0.970690293,0.990260626
203,0.982204648,0.982435849,0.970559037,0.920988215,0.93006307,0.969268938,0.956710448,0.967367866,0.963938654,0.985220159
204,0.990120448,0.987718079,0.972445989,0.950337947,0.9487579,0.978105867,0.939390122,0.959770636,0.964810774,0.990312514
205,0.988555394,0.986008157,0.968666529,0.958637678,0.966494508,0.977692106,0.933437154,0.949561282,0.97131977,0.988831485
206,0.991287416,0.989163481,0.978541895,0.971507764,0.968265134,0.98406455,0.933548495,0.954879151,0.975454009,0.991071502
207,0.988611557,0.987557239,0.973435812,0.969361862,0.966073197,0.981810521,0.933777211,0.940339132,0.969414307,0.991657571
208,0.986009657,0.986186137,0.969204198,0.965200766,0.960662407,0.972603557,0.930282979,0.932727989,0.964678713,0.986963481
209,0.989831343,0.989447744,0.973014409,0.976606977,0.970526,0.979003738,0.947624108,0.947408958,0.967982348,0.9891438
210,0.993877813,0.992737611,0.975781533,0.976752522,0.984195585,0.986760012,0.963953335,0.960803534,0.980064148,0.995310688
211,0.989613108,0.986043621,0.972169295,0.972796444,0.978219802,0.977046357,0.953403915,0.954407474,0.97100906,0.988348868
212,0.993321514,0.989881742,0.973204642,0.974573314,0.974182844,0.983176782,0.956656774,0.959004217,0.970609261,0.992842513
213,0.991261349,0.984837116,0.968754836,0.968870267,0.962707394,0.978986289,0.957464035,0.957789045,0.967410595,0.990935772
214,0.992038133,0.991472908,0.972914924,0.97013414,0.970841724,0.978406922,0.954879518,0.955893622,0.964926515,0.991191585
215,0.989574954,0.981728702,0.969238895,0.966602455,0.971389351,0.976793851,0.952932004,0.956825821,0.956149972,0.989779748
216,0.988251961,0.981397927,0.953137744,0.938614999,0.940885412,0.96969541,0.923797799,0.940144435,0.942590121,0.987177196
217,0.985677174,0.974976599,0.944436639,0.930093646,0.938571361,0.957985532,0.921164314,0.929227224,0.933717369,0.98140752
218,0.970538189,0.963391035,0.931237648,0.896687555,0.907066557,0.944968692,0.882463352,0.89809835,0.913914327,0.975702376
219,0.960640036,0.961197774,0.918183083,0.873364936,0.804536157,0.944545315,0.889023471,0.907278761,0.912727029,0.974348978
220,0.964067371,0.95035564,0.907396978,0.882694566,0.74925336,0.940094359,0.879143716,0.89122424,0.905720512,0.971876574
221,0.968326438,0.95723785,0.900406247,0.880104698,0.858638556,0.931242476,0.856353331,0.866716481,0.890177483,0.973239543
222,0.959405916,0.945028603,0.885877905,0.869832388,0.880793044,0.922604551,0.855983945,0.863192484,0.888847895,0.969786354
223,0.965303118,0.955691271,0.901245196,0.868675468,0.871261275,0.9260357,0.853535823,0.84938492,0.899030577,0.973574421
224,0.959328007,0.934113442,0.88832526,0.869623751,0.891207097,0.926319013,0.839714419,0.837463949,0.889176226,0.968935851
225,0.966328414,0.939240839,0.903262533,0.89056095,0.906967469,0.937035812,0.846436798,0.848174628,0.882798421,0.980109703
226,0.9708074,0.944328901,0.933517075,0.913393969,0.913531111,0.937882557,0.853063339,0.860278098,0.90613623,0.974058868
227,0.975234412,0.955271759,0.941689635,0.944781518,0.937323652,0.949741041,0.881114003,0.88467799,0.916013039,0.977898164
228,0.974903171,0.954318801,0.943058903,0.948124186,0.939825071,0.948579294,0.881944867,0.882297917,0.919342095,0.975233838
229,0.949025021,0.938462288,0.919015614,0.93863624,0.937621584,0.920736703,0.87380954,0.874180888,0.905456803,0.952549255
230,0.92459373,0.928701192,0.907171976,0.92738713,0.937924259,0.909825812,0.868976635,0.86915953,0.895526646,0.943280932
231,0.955819148,0.963138319,0.942232014,0.961104256,0.95617214,0.953743022,0.914458504,0.915157995,0.929650841,0.97424459
232,0.966084482,0.959667572,0.964660463,0.965068198,0.963566483,0.96442103,0.934918941,0.926630313,0.929214405,0.976387391
233,0.978965017,0.972878597,0.979151526,0.975869188,0.969752528,0.975775215,0.9511358,0.950645119,0.956719078,0.988842935
234,0.984002922,0.971350712,0.979611592,0.981842472,0.980065714,0.9751129,0.95870016,0.951070385,0.957360777,0.989452202
235,0.981890245,0.977201061,0.980581424,0.986423054,0.985011311,0.980498373,0.967570862,0.962048937,0.963623886,0.991654502
236,0.992508218,0.986672334,0.980782157,0.987553981,0.983327042,0.987068443,0.971821709,0.96622581,0.962752626,0.995459915
237,0.988615279,0.98259535,0.983065875,0.988287006,0.990395038,0.982515312,0.976518837,0.970445746,0.964668435,0.993717612
238,0.984983951,0.980557638,0.977015648,0.986909448,0.989913508,0.984272633,0.9760941,0.970648311,0.960091279,0.99326952
239,0.988381412,0.979620974,0.980761841,0.985312295,0.989377294,0.981155597,0.977983176,0.971617547,0.962882538,0.993575961
240,0.990443675,0.985285404,0.982128167,0.987328609,0.990827417,0.986170329,0.980920724,0.973373297,0.966508161,0.994294699
241,0.992300765,0.985107283,0.978819729,0.989794445,0.992467291,0.984352418,0.976754253,0.973285268,0.961595631,0.996259035
242,0.989203844,0.981750913,0.978408613,0.986054488,0.98805903,0.983827536,0.97501198,0.973039032,0.959341311,0.99457046
243,0.991745736,0.983681121,0.982075335,0.989382878,0.990802763,0.985989384,0.978279091,0.977491262,0.960422878,0.993501848
244,0.993846506,0.989514119,0.981571707,0.990647344,0.992762694,0.989933002,0.982000342,0.980130364,0.965841139,0.99597048
245,0.992199029,0.989546789,0.981521525,0.988726963,0.990894191,0.988722776,0.980724756,0.980778358,0.970279463,0.996646699
246,0.993417697,0.991403861,0.987866053,0.993665628,0.994539537,0.990487446,0.986645617,0.985529875,0.979891897,0.997587282
247,0.994818379,0.988715379,0.986349387,0.988516297,0.991746288,0.988486087,0.980879077,0.977024702,0.971759069,0.994916337
248,0.993742214,0.9894839,0.983242222,0.989324854,0.992422177,0.98923397,0.981319651,0.979755901,0.967480885,0.996232907
249,0.989257693,0.986644493,0.96624138,0.98482201,0.985650564,0.983789439,0.969887013,0.970403774,0.952338908,0.993280127
250,0.984918054,0.983119259,0.969142893,0.980386539,0.981275279,0.980868407,0.971606196,0.969474162,0.956559464,0.99113606
251,0.980952203,0.977542836,0.960374047,0.959649533,0.970960225,0.977294831,0.961257998,0.960623778,0.944935177,0.986199611
252,0.984850163,0.977086134,0.966646052,0.91574168,0.900690158,0.978295587,0.956997778,0.953230859,0.959030458,0.987904476
253,0.979792801,0.975813354,0.954908764,0.881453352,0.893796142,0.97599178,0.945591956,0.948805377,0.946828859,0.989413496
254,0.982803439,0.972697333,0.957428667,0.9068073,0.90281157,0.968210936,0.935992249,0.94132698,0.939353594,0.987601801
255,0.981282346,0.97010831,0.94848052,0.903513973,0.902375008,0.966982848,0.923746887,0.929902827,0.934727326,0.983243867
256,0.986584249,0.97754895,0.947226881,0.914096341,0.904545584,0.97661993,0.917134484,0.924110057,0.94051829,0.989917851
257,0.980618449,0.976125953,0.945798716,0.922717667,0.927756525,0.969312931,0.912123049,0.921371607,0.943714394,0.984088156
258,0.986695801,0.977615579,0.945105341,0.944100795,0.920624972,0.978212766,0.915678939,0.928745468,0.948042961,0.991498436
259,0.981943264,0.97618284,0.947593663,0.929915868,0.921737219,0.973290734,0.909606255,0.912299122,0.941683556,0.987834892
260,0.988259792,0.984129446,0.95373611,0.935551999,0.938822583,0.980842195,0.925451155,0.921314368,0.953301655,0.991350884
261,0.987618758,0.97975432,0.945222286,0.938385889,0.931870918,0.975134052,0.917472716,0.917215922,0.942545509,0.989301753
262,0.982921014,0.981510644,0.950388286,0.939574794,0.942788934,0.978633446,0.920003714,0.924866974,0.953575026,0.988416064
263,0.985926849,0.979414847,0.949200179,0.956150213,0.937876533,0.977456363,0.93466612,0.930024123,0.950721823,0.989428839
264,0.98614475,0.981229798,0.952060176,0.952539501,0.941556021,0.978307066,0.929518218,0.930665694,0.947508382,0.990575699
265,0.983335512,0.978055613,0.947892287,0.95071099,0.93638157,0.978149042,0.930817502,0.936466545,0.949030559,0.991402422
266,0.987513747,0.984072868,0.949080122,0.95773009,0.950535876,0.982586145,0.946832891,0.9449033,0.952854867,0.992362086
267,0.983341422,0.979549674,0.95080635,0.955615955,0.959672162,0.977959065,0.937865199,0.933015461,0.954399896,0.986288402
268,0.987401916,0.982133592,0.943289384,0.961035745,0.955523358,0.980123915,0.933644257,0.939419456,0.943454278,0.992197902
269,0.989423537,0.986857162,0.959694144,0.966266655,0.967766614,0.985799231,0.95184447,0.953782237,0.964075249,0.993987161
270,0.985695515,0.983166122,0.946668189,0.944239879,0.952452868,0.978312911,0.933124144,0.936030738,0.94923344,0.991317994
271,0.990179436,0.985753538,0.945667821,0.96043379,0.964076158,0.981516192,0.94516924,0.949343771,0.943990942,0.993899712
272,0.986039332,0.986695073,0.950897967,0.954461001,0.945683824,0.97807807,0.937523133,0.93545239,0.938350872,0.990830044
273,0.992598668,0.986025926,0.950572087,0.970006169,0.968140578,0.985615833,0.952674985,0.956043211,0.95790718,0.993007726
274,0.982914729,0.983388795,0.943769863,0.956444113,0.955695618,0.97472886,0.940468068,0.945101262,0.938919805,0.988829776
275,0.991202791,0.986311438,0.960077047,0.968924,0.962296275,0.985627153,0.954246914,0.957212354,0.956563195,0.993367712
276,0.976503231,0.971973175,0.96304299,0.946594406,0.946725605,0.97066998,0.934149507,0.938199835,0.941317167,0.985634117
277,0.987515868,0.980520285,0.962650223,0.954360518,0.952324895,0.979261985,0.940297846,0.943211783,0.938810972,0.991403669
278,0.990126143,0.983759958,0.975438954,0.97066002,0.971415717,0.98338175,0.951484764,0.95279808,0.952933557,0.992330417
279,0.989610969,0.986077678,0.969471632,0.967205886,0.972462816,0.981706302,0.9490973,0.951046207,0.941782854,0.993824222
280,0.992484378,0.988371533,0.978415535,0.970616204,0.970546871,0.985134454,0.953863429,0.958816686,0.958826947,0.995172123
281,0.98881349,0.986152378,0.978610394,0.968927147,0.971817714,0.984723216,0.957933045,0.961075,0.959809907,0.992381489
282,0.9915344,0.990461494,0.979723219,0.983322331,0.978062019,0.988196422,0.966570028,0.96697815,0.960788664,0.9942307
283,0.995181246,0.994008315,0.977658976,0.985543519,0.986611033,0.991888965,0.977232202,0.978191424,0.971235744,0.996775656
284,0.993711974,0.989749382,0.980323795,0.986543364,0.978248618,0.98926893,0.97229406,0.97191234,0.968619968,0.995767902
285,0.993424835,0.982396895,0.978911901,0.974790672,0.981084419,0.984327808,0.965935973,0.963463428,0.954171488,0.991265987
286,0.992529805,0.991177311,0.977763021,0.985010279,0.984478772,0.988369447,0.975925992,0.972967069,0.965559849,0.994633046
287,0.995820813,0.992951139,0.978831907,0.98780614,0.987082767,0.99155093,0.978132714,0.974568928,0.971578413,0.997112708
288,0.994469494,0.989947673,0.982037574,0.987665049,0.985302741,0.989752406,0.978429829,0.976855126,0.967238121,0.993232131
289,0.993735261,0.993190346,0.986173455,0.987298654,0.988943531,0.989599959,0.98138943,0.977770868,0.971303971,0.996225512
290,0.994124795,0.992775147,0.986515819,0.988869296,0.986471959,0.991534344,0.981933249,0.980360982,0.968666568,0.996470846
291,0.995997459,0.993258306,0.985614626,0.991742541,0.990560127,0.99184597,0.982918552,0.982097448,0.97172099,0.997001962
292,0.992852131,0.994122722,0.989325369,0.987672179,0.988419395,0.991809426,0.980516431,0.981937072,0.961991672,0.997180642
293,0.996242733,0.992993767,0.986069367,0.989223182,0.987837705,0.992600872,0.979295145,0.979394846,0.970103919,0.996712735
294,0.995555534,0.993508131,0.98271007,0.990309449,0.989392674,0.992237916,0.980311334,0.981259702,0.962138573,0.995668644
295,0.99651647,0.988565375,0.983479544,0.988904983,0.989137751,0.991021016,0.983226271,0.980670831,0.962918348,0.994927403
296,0.997505511,0.994933488,0.98969355,0.993427306,0.992694304,0.994807171,0.98888674,0.987446945,0.969543187,0.997787239
297,0.994908986,0.994294974,0.98435736,0.982484299,0.984807964,0.99221065,0.980193119,0.979483331,0.96277766,0.996311528
298,0.998597173,0.997556316,0.993006469,0.995876258,0.995999606,0.996214223,0.992002898,0.991327237,0.979693679,0.998950223
299,0.996312274,0.993592869,0.987844397,0.99318647,0.99344211,0.994742694,0.988172186,0.986440825,0.972641389,0.996424735
